id,subtype,accession,strain_name,sequence
CY040064|A/Taiwan/71720/2007(H1N1),H1N1,CY040064,A/Taiwan/71720/2007(H1N1),MGQEQGTPWIQSTGHTSTQKEEDGQKIPKREHRNLTQLMVHYRKTMNQVAMPKQIVY
CY040088|A/Taiwan/9/2004(H3N2),H3N2,CY040088,A/Taiwan/9/2004(H3N2),MEQEQGTPWTQSTEHTNIQRRGSGRQIQKLGHPNLTQLMDHYLRIMSQVDMHKQTVSWRLWPSLKNPTQVSLRTHALKQWKPFNKQGWTN
CY040112|A/Taiwan/70132/2008(H1N1),H1N1,CY040112,A/Taiwan/70132/2008(H1N1),MGQEQGTPWIQSTGHTSTRKEEDGQKIPKLEHRNLTQLMVHYRKTMNQVAMPKQIVY
CY040136|A/Taiwan/1452/2007(H3N2),H3N2,CY040136,A/Taiwan/1452/2007(H3N2),MEQEQGTPWTQSTEHTNIQRRGSGQQIQKLEHPNSTQLMDHYLRIMNQVGMHKQTVSWRLWPSLKNPTQVSLRTLALKQWKPFNRQGWTN
CY041456|A/California/UR06-0439/2007(H1N1),H1N1,CY041456,A/California/UR06-0439/2007(H1N1),MGQEQGTPWIQSTGHTSTQKKEDGQKIPKLEHRNSTQLMGHYQKTMNRVAMPKQIVY
FJ445043|A/England/493/2006(H1N1),H1N1,FJ445043,A/England/493/2006(H1N1),MGQEQDTPWIQSTGHISTQKEEDGQKIPKLEHLNSTQLMGHYQKTMNQVAMPKQIVY
FJ264987|A/Denmark/151/2008(H1N1),H1N1,FJ264987,A/Denmark/151/2008(H1N1),MGQEQDTPWIQSTGHTSTQKEEDGQKIPKLEHRNLTQLMVHYRKTMNQVAMPKQIVY
FJ445037|A/England/654/2007(H1N1),H1N1,FJ445037,A/England/654/2007(H1N1),MGQEQGTPWIQSTGHTSTQKEEDGQKIQKQEHRNLTQLMVPYRKTMNQVAMPKQIVY
CY036989|A/Florida/UR07-0101/2008(H3N2),H3N2,CY036989,A/Florida/UR07-0101/2008(H3N2),MEQEQGTPWTQSTEHINIQRGGSGRQIQKLGHPNSTQLMDHYLRIMNQVDMHKQTVSWRLWPSLKNPTQVSLRTHALKQWKPFNRQGWTN
FJ445084|A/England/26/2008(H1N1),H1N1,FJ445084,A/England/26/2008(H1N1),MGQEQGTPWIQSTGHTSTQKEEDGQKIPKREHRNLTQLMVPYRKTMNQVAMPKQIVY
CY037573|A/Kentucky/UR07-0081/2008(H3N2),H3N2,CY037573,A/Kentucky/UR07-0081/2008(H3N2),MEQEQGTPWTQSTEHTNIQRRGSGRQIQKLGHPNSTQLMDHYLRIMNQVDMHKQTVSWRLWPSLKSPTQVSLRTHALKQWKPFNRQGWTN
CY037309|A/Qatar/AF02/2008(H3N2),H3N2,CY037309,A/Qatar/AF02/2008(H3N2),MEQEQGTPWTQSTEHTNIQRRGSGRQIQKLGHPNSTQSMDHYLRIMNQVDMHKQTVSWRLWPSLKSPTQESLRTHALKQWKPFNRQGWTN
CY037861|A/Ohio/UR07-0023/2008(H3N2),H3N2,CY037861,A/Ohio/UR07-0023/2008(H3N2),MEQEQGTPWTQSTEHTNIQRGGSGRQIQKLGHPNSTQLMDHYLRIMNQVDMHKQTVSWRLWPSLKNPTQVSLRTHALKQWKPSNRQGWTN
CY037549|A/California/UR07-0053/2008(H3N2),H3N2,CY037549,A/California/UR07-0053/2008(H3N2),MEQEQGTPWTQSTEHTNIQRRGSGRQIQKLGHPNSTQLMDHYLRIMNQVDMHKQTVSWRLWPSLKNPTQVSLRTHASKQWKPFNRQGWTN
CY037533|A/Kentucky/UR07-0037/2008(H3N2),H3N2,CY037533,A/Kentucky/UR07-0037/2008(H3N2),MEQEQGTPWTQSTEHINIQRGGSGRQIQKLGHPNSTQLMDHYLRIMNQVDMHKQTVSWRLWPSLRNPTQVSLRTHALKQWKPFNRQGWTN
CY037805|A/Ohio/UR07-0035/2008(H3N2),H3N2,CY037805,A/Ohio/UR07-0035/2008(H3N2),MEQEQGTPWTQSTEHTNIQRRGSGRQIQKLGHPNSTQLMDHYLRIMNQVDMHKQTVSWRLWPSLKNPTQVSLRTHALKQWKPFNRQEWTN
CY037349|A/Genoa/1/2002(H3N2),H3N2,CY037349,A/Genoa/1/2002(H3N2),MEQEQGTPWTQSTEHTNIQKRGGGRQIQKLGHPNSTQLMDHYLRIMSQVDMHKQTVSWRLWPSLKNPTQGSLRTHALKQWKSFNKQGWTN
CY037629|A/Florida/UR07-0146/2008(H3N2),H3N2,CY037629,A/Florida/UR07-0146/2008(H3N2),MEQEQGTPWTQSTEHINIQREGSGRQIQKLGHPNSTQLMDHYLRIMNQVDMHKQTVSWRLWPSLKNPTQVSLRTHALKQWKPFNRQGWTN
CY037869|A/California/UR07-0063/2008(H3N2),H3N2,CY037869,A/California/UR07-0063/2008(H3N2),MEQEQGTPWTQSTEHTNIQRRGSGRQIQKLGHPNSTQLMDHYLRIMNQVDMHKQTVSWRLWPSLKSPTQASLRTHALKQWKPFNRQGWTN
CY037581|A/Ohio/UR07-0105/2008(H3N2),H3N2,CY037581,A/Ohio/UR07-0105/2008(H3N2),MEQEQGTPWTQSTEHTNIQRRGSGRQIQKLGHPNSTQLMDHYLMIMNQVDMHKQTVSWRLWPSLKNPTQVSLRTHALKQWKLFNRQGWTN
CY043734|A/Siena/3/1991(H3N2),H3N2,CY043734,A/Siena/3/1991(H3N2),MEQEQDTPWTQSTEHINIQKRGSGQQTQKLGHPNSIRLMDHYLRIMSQVDMHKQTVFWRPWLSLRNPTQGSLRTHALKQWKSFNKQGWTN
CY044722|A/Boston/58/2008(H3N2),H3N2,CY044722,A/Boston/58/2008(H3N2),MEQEQGTPWTQSTEHTNTQRRGNGRQIQKLGHPNSTQLMDHYLRIMNQVDMHKQTVSWRLWPSLKNPTQVSLRTHALKQWKPFNRQGWTN
CY044770|A/Boston/64/2008(H3N2),H3N2,CY044770,A/Boston/64/2008(H3N2),MEQEQGTPWTQSTEHTNIQRRGSGRQIQKLGHPNSTQLMDHYLRIMNQVDMHKQTVSWRLWPSLKNPTQVSLKTHALKQWKPFNRQGWTN
CY044467|A/Boston/5/2008(H3N2),H3N2,CY044467,A/Boston/5/2008(H3N2),MEREQGTPWTQSTEHTNIQRRGSGQQIQKLGHPNSTQLMDHYLRIMNQVDMHKQTVSWRLWPSLKNPTQVSLRTHALKQWKPFNRQGWTN
GQ466180|A/Thailand/NBL1/2006(H5N1),H5N1,GQ466180,A/Thailand/NBL1/2006(H5N1),MEQGQDTPWTQSTEHTNIQKRGSGQQTQRLEHLNSTRLMDHCLRIMSPVGMHKQIVYWKQWLSLTNPTQGSLKTRVLKQWKLFNKQEWIN
CY044530|A/Boston/23/2008(H3N2),H3N2,CY044530,A/Boston/23/2008(H3N2),MEQEQGTPWTQSTEHTNTQRRGSGRQIQKLGHPNSTQLMDHYLRIMNQVDMHKQTVSWRLWPSLKNPTQVSLRTHALKQWKPFNRQGWTN
CY044746|A/Boston/61/2008(H3N2),H3N2,CY044746,A/Boston/61/2008(H3N2),MEQEQGTPWTQSTEHTNIQRRGSGQQIQKLGHPNSTQLMDHYLRIMNQVDMHKQTVSWRLWPSLKNPTQVSLRTHALKQ
CY044443|A/Boston/2/2008(H3N2),H3N2,CY044443,A/Boston/2/2008(H3N2),MEQEQGTPWTQSTEHTNIQRRGSGRQIQKLGRPNSTQLMDHYLRIMNQVDMHKQTVSWRLWPSLKNPTQVSLRTHALKQWKPFNRQGWTN
GQ396612|A/Naypyitaw/M499/2008(H1N1),H1N1,GQ396612,A/Naypyitaw/M499/2008(H1N1),MGQEQGTPWIQSTGHISTQKEEDGQKIPKLEHRNSTQLMGHYQKTMNLVAMPKQIVY
GQ396628|A/Naypyitaw/M783/2008(H1N1),H1N1,GQ396628,A/Naypyitaw/M783/2008(H1N1),MGQEQGTPWIQSTGHISTQKEEDGQKTPKLEHRNSTQSMGHYQKTMNPVAMPKQIVY
FJ573466|A/Bangladesh/207095/2008(H5N1),H5N1,FJ573466,A/Bangladesh/207095/2008(H5N1),MEQGQDTPWTQSTEHTNIQKRGSGQQTQRLEHPNSTRLMDHYLRIMSPVVMHKQIVYWKQWLSLKNPTQGSLKTRVLKRWKLFNKQEWIN
CY043407|A/Gunma/07G002/2008(H1N1),H1N1,CY043407,A/Gunma/07G002/2008(H1N1),MGQELGTPWIQSTGHISTQKEEDGQKIPKLGHRNSTQLMGHYQKTMNQVAMPKQIVY
CY043391|A/Niigata/07F125/2008(H1N1),H1N1,CY043391,A/Niigata/07F125/2008(H1N1),MGQEQGTPWIQSTGHISTQKEEDGQKIPKLGHRNSTQLMGHYQKTMNQVAMPKQIVY
CY043431|A/Hyogo/07K030/2007(H1N1),H1N1,CY043431,A/Hyogo/07K030/2007(H1N1),MGQEQGTPWIQSTGHTSTQKEEGGQKIPKLEHRNLTQLMVHYRKTMNQVAMPKQIVY
CY049617|A/Singapore/GP2312/2009(H1N1),H1N1,CY049617,A/Singapore/GP2312/2009(H1N1),MEQEQDXPWTQXTEHTNTQERESGRQTQXLVHPSSTRLMDHYLRXMNQVGMHKQTVF
GQ902815|A/Thailand/CU-B590/2009(H3N2),H3N2,GQ902815,A/Thailand/CU-B590/2009(H3N2),MEQEQGTPWTQSTEHINIQRGGSGRQIQKLGHPNSTQLMDHYLRIMNQVDMHKQTVSWRLWPSLKNPTQVSLRTHALKQWKPFNKQGWTN
GQ902823|A/Thailand/CU-B657/2009(H3N2),H3N2,GQ902823,A/Thailand/CU-B657/2009(H3N2),MEQGQGTPWTQSTEHTNIQRGGSGRQIQKLGHPSSTQLMDHYLRIMNQVDMHKQTVSWRLWPSLKNPTQVSLRTHALKQWKPFNRQGWTN
GQ902831|A/Thailand/CU-H17/2009(H1N1),H1N1,GQ902831,A/Thailand/CU-H17/2009(H1N1),MGQEQGTPWIQSTEHTSTQKEEDGQKIPKLEHRNLTQLMVHYRKTMNQVAMPKQIVY
GQ902791|A/Thailand/CU-B4/2009(H3N2),H3N2,GQ902791,A/Thailand/CU-B4/2009(H3N2),MEQGQGTPWTQSTEHTNIQRGGSGRQIQKLGHPSSTQLMDHYLRIMNQADMHKQTVSWRLWPSLKNPTQVSLRTHALKQWKPFNRQGWTN
GQ902799|A/Thailand/CU-B42/2009(H1N1),H1N1,GQ902799,A/Thailand/CU-B42/2009(H1N1),MGQEQGTPWIQSTGHTSTQKGEDGQKIPKREHRNLTQLMVPYRKTMNQVAMPKQIVY
CY064821|A/California/VRDL136/2009(H3N2),H3N2,CY064821,A/California/VRDL136/2009(H3N2),MEQEQGTPWTQSTEHTNIQRGGSGRQIQKLGHPNSTQLMDHYLRIMNQVDMHKQTASWRLWPSLKNPTQVSLRTHALKQWKPFNRQGWTN
CY064813|A/California/VRDL135/2009(H1N1),H1N1,CY064813,A/California/VRDL135/2009(H1N1),MGQEQGTPWIQSTGHTSTQKEEDGQKIPKREHRNLTRLMVPYRKTMNQVAMPKQIVY
CY064885|A/California/VRDL147/2009(H3N2),H3N2,CY064885,A/California/VRDL147/2009(H3N2),MEQEQGTPWTQSTEHINIQRGGSGRQIQKLGHPNSTQLMDHYLRIMNQVDMHKQTVSWRLWPSLKNPTQVSLRTHALKQWRPFNRQGWTN
CY065982|A/Philippines/2-MA/1982(H3N2),H3N2,CY065982,A/Philippines/2-MA/1982(H3N2),MEQEQDTPWTQSTEHINIQKKGSGQQTQKLGRPNSTRLMDHYLRIMSQVDMHKQTVSWRLWLSLRNPTQGSLRTRALKQWK
CY064805|A/California/VRDL134/2009(H1N1),H1N1,CY064805,A/California/VRDL134/2009(H1N1),MGQEQGTPWIQSTGRTSTQKEEDGQKIPKREHRNLTQLMVPYRKTMNQVAMPKQIVY
CY068223|A/California/VRDL173/2009(H3N2),H3N2,CY068223,A/California/VRDL173/2009(H3N2),MEQEQGTPWTQSTEHINIQRGGSGRQIQKLGHPNSTQLMDHYLRITNQVDMHKQTVSWRLWPSLKNPTQVSLRTHALKQWKPFNRQGWTN
CY068383|A/California/VRDL268/2009(H3N2),H3N2,CY068383,A/California/VRDL268/2009(H3N2),MEQEQGTPWTQSTEHTNIQRGGSGRQIQKLGHPNSTQLMDHYLRIMNQVDMHKQTVSXRLWPSLKNPTQVSLRTHALKQWKPFNRQGWTN
CY068207|A/California/VRDL170/2009(H3N2),H3N2,CY068207,A/California/VRDL170/2009(H3N2),MEQEQGTPWTQSTEHTNIQRGGSGRQIQKLGHPNSTQLMDHYLRIMNQVDMHKQTVSWRLWPSLKNPTQVSLRTHALKQWKPFSRQGWTN
CY068247|A/California/VRDL212/2009(H3N2),H3N2,CY068247,A/California/VRDL212/2009(H3N2),MEQEQGTPWTQSTEHINIQRGGSGRQIQKLGHPNSTQLMDHYLRIMNQVDMHRQTVSWRLWPSLKNPTQVSLRTHALKQWKPFNRQGWTN
CY068327|A/California/VRDL259/2009(H3N2),H3N2,CY068327,A/California/VRDL259/2009(H3N2),MEQEQGTPWTQSTEHINIQRGGSGRQIQKLGHPNSTQLMDHYLRIMNQVDMHKQTVSWRLWPSLKDPTQVSLRTHALKQWKPFNRQGWTN
CY069523|A/California/WRAIR1243P/2009(H1N1),H1N1,CY069523,A/California/WRAIR1243P/2009(H1N1),MGQEQDTPWIQSTGHTSTQKGEDGQKIPKLEHRNLTQLMVHYRKTMNQVAMPKQIVY
CY069515|A/Delware/WRAIR1240/2009(H3N2),H3N2,CY069515,A/Delware/WRAIR1240/2009(H3N2),MEQEQGTPWTQSTEHTNIQRGGSGRQIQKLGHPNSTQLMDHYLRIMNQVDMHKQTVSWRLWPSLKNPTQVSLRTHALKQWKPFNRQEWTN
CY067967|A/California/VRDL328/2009(H3N2),H3N2,CY067967,A/California/VRDL328/2009(H3N2),MEQEQGTPWTQSTEHINIQRGGSGRQIQKLGHPNSTQLMDHYLRIMNQVDMHKQTVSWRLWPTLKNPTQVSLRTHALKQWKPFNRQGWTN
CY068079|A/California/VRDL361/2009(H3N2),H3N2,CY068079,A/California/VRDL361/2009(H3N2),MEQEQGTPWTQSTEHINIQRGGSGRQIQKLGHPNSTQLMDHYLRIMNQVDMHKQTVSWRLWPSLKNPTQVSLRTHALKQWKPFNRQGWTNSPKVARLMIGH
CY068599|A/California/VRDL333/2009(H3N2),H3N2,CY068599,A/California/VRDL333/2009(H3N2),MEQEQGTPWTQSTEHTNIQRGGSGRQIQKLGHPNSTQLMDHYLRIMNQVDMHKQTVS
CY070142|A/Peru/WRAIR1508P/2007(H3N2),H3N2,CY070142,A/Peru/WRAIR1508P/2007(H3N2),MEQEQGTPWTQSTEHTNIQRRGSGRQIQKLGHPNSTQLMDHYLRIMNQVGMHKQTVSWRLWPSLKNPTQVSLRTHALKQWKPFNRQGWTN
CY070150|A/Peru/WRAIR1509P/2007(H1N1),H1N1,CY070150,A/Peru/WRAIR1509P/2007(H1N1),MGQGQGTPWIQSTGHTSTQKEEDGQKIPKLEHRNLTQLMVHYRKTMNQVAMPKQIVY
CY074393|A/California/VRDL264/2009(H1N1),H1N1,CY074393,A/California/VRDL264/2009(H1N1),MGQEQGTPWIQSTGHTSTQKEEDGQKTPKREHRNLTQLMVPYRKTMNQVAMPKQIVY
CY074177|A/California/VRDL215/2009(H1N1),H1N1,CY074177,A/California/VRDL215/2009(H1N1),MGQEQGTPWIQSIGHTSTQKEEDGQKIPKREHRNLTQLMAPYRKTMNQVAMPKQIVY
CY074121|A/California/VRDL193/2009(H1N1),H1N1,CY074121,A/California/VRDL193/2009(H1N1),MGQEQDTPWIQSTGHTSTQKEEDGQKIPKREHRNLTQLMVPYRKTMNQVAMPKQIVY
CY074361|A/California/VRDL252/2009(H1N1),H1N1,CY074361,A/California/VRDL252/2009(H1N1),MGQEQGTPWTQSIGHTSTQKEEDGQKIPKREHRNLTQLMVPYRKTMNQVAMPKQIVY
CY074417|A/California/VRDL273/2009(H1N1),H1N1,CY074417,A/California/VRDL273/2009(H1N1),MGQEQGTPWTQSTGHTSTQKEEDGQKIPKREHRNLTQLMVPYRKTMNQVAMXKQIVY
CY074641|A/California/VRDL377/2009(H1N1),H1N1,CY074641,A/California/VRDL377/2009(H1N1),MGQEQGTPWIQSIGHTSTQKEEDGQKIPKREHRNLTQLMVPYRKTMNQVAMPKRIVY
AB441945|A/Sendai-H/115/2007,H3N2,AB441945,A/Sendai-H/115/2007,MEQEQGTPWTQSTEHTNIQRRGSGQQIQKLEHPNSTQLMDHYLRIMNQVGMHKQTVSWRLWPSLKNPTQVSLRTHALKQWKPFNRQGWTN
AB441942|A/Sendai-H/F005/2006,H3N2,AB441942,A/Sendai-H/F005/2006,MEQEQDTPWTRSTEHTNIQRRGSGRQIQKLGHPNSTQLMDHYLRIMSQVDMHKQTVSWRPWPSLKNPTQVSLRTHALKQWKSFNKQGWTN
AB441946|A/Sendai-H/F093/2007,H3N2,AB441946,A/Sendai-H/F093/2007,MEQEQGTPWTQSTEHTNIQRRESGQQIQKLEHPNSTQLMDHYLRIMNQVDMHKQTVSWRLWPSLKNPTQVSLRTHALKQWKPFNRQGWTN
AB441947|A/Sendai-H/F150/2007,H3N2,AB441947,A/Sendai-H/F150/2007,MEQEQGIPWTQSTEHTNIQRRGSGRQIQKLGHPNSTQLMDHYLRIMSQVDMHKQTVSWRLWPSLKNPTQVSLRTHALKQWKSFNKQGWTN
AB441950|A/Sendai-H/441/2007,H3N2,AB441950,A/Sendai-H/441/2007,MEQEQGTPWTQSTEHTNIQRRGSGRQIQKLGHPNSTQLMDHYLRIMSQVDMHKQTVFWRLWPSLKNPTQVSLRTHALKQWKSFNKQGWTN
CY077710|A/Netherlands/001B1/1956,H1N1,CY077710,A/Netherlands/001B1/1956,MGQEQGTPWILSTGHISTQKGEDGQKTPKLEHHNSTQLMDHYQKTTNQVVMPKQIVY
CY077784|A/Netherlands/056H1/1960,H2N2,CY077784,A/Netherlands/056H1/1960,MEQEQDTPWTQSTEHINIQKRGSGQQTRKLERPNLTQLMDHYLRTMNQVDMHKQTASWKQWLSLKNPTQESLKIRVLKRWKLFNKQEWTN
CY077902|A/Nijmegen/1959,H2N2,CY077902,A/Nijmegen/1959,MEQGQDTPWTQSTEHINIQKRGSGQQTRKLERPNLTQLMDHYLRTMNQVDMHKQTASWKQWLSLKNPTQESLKTRVLKRWKLFNKQEWTN
CY077723|A/Netherlands/001H1/1954,H1N1,CY077723,A/Netherlands/001H1/1954,MGQEQGTPWILSTGHISTQKGEDGQKTPKLEHHNSTQLMGHYQKTMNQVVMPKQNVY
CY077739|A/Netherlands/001M/1958,H2N2,CY077739,A/Netherlands/001M/1958,MEQEQDTPWTQSTEHINIQKRESGQQTRKLERPNLTQLMDHYLRTMNQVDMHKQTASWKQWLSLKNPTQESLKTRVLKRWKLFNKQEWTN
CY077754|A/Netherlands/001S1/1948,H1N1,CY077754,A/Netherlands/001S1/1948,MGQEQDTPWILSTGHISTQRREDGQQTPKLEHHNSTRSMGHCQKTMNQVVMPKQIVYWKQWLSLRNPILVFLKTRVLKRWRLFSKHEWTN
CY077762|A/Netherlands/002K1/1949,H1N1,CY077762,A/Netherlands/002K1/1949,MEQEQDTPWILSTGHISTQKGEGGQQTPKLEHHNSTRLMDHCQKTMNQVVMPKQIVYWKQWLSLRNPILVFLKTRVLRQWRLFSKHXWTN
CY077746|A/Netherlands/001R1/1953,H1N1,CY077746,A/Netherlands/001R1/1953,MGQEQGTPWILSTGHISTQKGEDGQKTPKLEHHNSTQLMGHYQKTMNQVVMPRQIVY
CY079535|A/Switzerland/9356/2009,H1N1,CY079535,A/Switzerland/9356/2009,MEQGLDTPWTLSTEHINIQKGEDGQQTQKLEHPNLTRLTDHYLRTMSQADMLKQTVSWRQWLSLRNPIQGYLKTLVLKRWRLSNKQEWTN
HM460508|A/KOL/2172/2009,H1N1,HM460508,A/KOL/2172/2009,MGQEQGTPWIQSTGHTSTQKEEDGQKIPKREHRNLTQLMVHYRKTMNQVDMPKQIVY
CY088767|A/Bangladesh/3233/2011,H5N1,CY088767,A/Bangladesh/3233/2011,MEQGQDTPWTQSTEHTNIQKRGSGQQTQRLKHPNSTRLMDHYLRIMSPVVMHKQIVYWKQWLSLKNPTQGSLKTHVLKRWKLFNKQEWIN
CY089113|A/Boston/59/2009(H1N1),H1N1,CY089113,A/Boston/59/2009(H1N1),MGQEQGTPWIQSTGHTSTQKEEDGQRIPKREHRNLTQLMVPYRKTMNQVAMPKQIVY
CY089089|A/Boston/46/2009(H1N1),H1N1,CY089089,A/Boston/46/2009(H1N1),MGQEQGTPWIQSTGHTSTQKEEDGQKIPKREHHNLTQLMVPYRKTMNQVAMPKQIVY
CY089715|A/Boston/19/2009,H1N1,CY089715,A/Boston/19/2009,MGQEQGTPWIQSXGHTSTQKEEDGQKIPKREHRNLTQLMXPYRKTMNQVAMPKQIVY
CY089755|A/Boston/75/2009,H3N2,CY089755,A/Boston/75/2009,MEQEQGTPWTQSTEHTNIQRGGSGRQIQKLGHPNSTQLMDHYLRIMNQVDMHKQTVSWRLWPSLKNPTQVSLRAHALKQWKPFNRQGWTN
HQ154087|A/KOL/1225/2009,H1N1,HQ154087,A/KOL/1225/2009,MGQEQGTPWIQSTGHTSTQKEEDGQKIPKREHRNLTQLMVPCRKTMNQVAMPKQIVY
AB598125|A/Cambodia/408008/2005,H5N1,AB598125,A/Cambodia/408008/2005,MEQGQDTPWTQSTEHTNIQKRGSGQQTQRLEHPNSTRLMDHYLRIMSPVGMHKQIVYWKQWLSLKNPTQGSLKTRVLKRWKLFNKQEWTN
CY091427|A/Australia/NHRC0001/2005(H3N2),H3N2,CY091427,A/Australia/NHRC0001/2005(H3N2),MEQEQGTPWTRSTEHTNIQRRGSGRQIQKLGHPNSTQLMDHYLRIMSQVDMHKQTVSWRPWPSLKNPTQVSSRTHALKQWKSFNKQGWTN
CY091059|A/California/NHRC0001/2006(H3N2),H3N2,CY091059,A/California/NHRC0001/2006(H3N2),MEQEQGTPWTQSTEHTNIQRRGSGRQIQRLGHPNSTQLMDHYLRIMNQVDMHKQTVSWRLWPSLKNPTQVSLRTHALKQWKPFNRQGWTN
CY091435|A/California/NHRC0002/2005(H3N2),H3N2,CY091435,A/California/NHRC0002/2005(H3N2),MEQEQGTPWTRSTEHTNIQRRGSGRQIQKLGHPNSTQLMDHYLRITSQVDMHKQTVSWRLWPSLKNPTQVSLRTHALKQWKSFNKQGWTN
CY091019|A/California/NHRC0001/2005(H3N2),H3N2,CY091019,A/California/NHRC0001/2005(H3N2),MEQEQGTPWTQSTEHTNIQRRESGRQIQKLGHPNSTQLMDHYLRIMNQVDMHKQTVSWRLWPSLKNPTQVSLRTHALKQWKPFNRQGWTN
CY091139|A/Texas/NHRC0001/2005(H3N2),H3N2,CY091139,A/Texas/NHRC0001/2005(H3N2),MEQEQGTPWTQSTEHTNIQRRGSGRQIQKLGHPNSTQLMDHYLRIMSQVDMHKQTVSWRLWLSLKNPTQVSLRTHALKQWKSFNKQGWTN
CY091027|A/Texas/NHRC0002/2005(H3N2),H3N2,CY091027,A/Texas/NHRC0002/2005(H3N2),MEQEQGTPWTQSTEHTNIQRRGSGRQIQKLGHPNSTQLMDHYLRIMNRVDMHKQTVSWRLWPSLKNPTQVSLRTHALKQWKPFNRQGWTN
CY091075|A/Texas/NHRC0002/2006(H3N2),H3N2,CY091075,A/Texas/NHRC0002/2006(H3N2),MEQEQGTPWTQSTEHTNIQRRGSGQQIQKLGHPNSTQLMDHYLRIMNQVDMHKQTVSWRLWPSLKNPTQVSLRTHVLKQWKPFNRQGWTN
HQ291961|A/Taiwan/5857/2008,H1N1,HQ291961,A/Taiwan/5857/2008,MGQEQGTPWIQSTGHTSTQKEEDGQKIPKREHRNLIQLMVPYRKTMNQVAMPKQIVY
HQ291964|A/Taiwan/8885/2008,H1N1,HQ291964,A/Taiwan/8885/2008,MGQEQGTPWIQSTEHISTQKEEDGQKIPKLEHRNSTQLMGHYQKTMNLVAMPKQIVY
HQ291952|A/Taiwan/2900/2006,H1N1,HQ291952,A/Taiwan/2900/2006,MGQEQGTQWIQSTGHTSTQKEEDGQRIPKLEHRNSTQLMGHYQKTMNQVAMPKQIVY
HQ291949|A/Taiwan/0045/2006,H1N1,HQ291949,A/Taiwan/0045/2006,MGQEQGTPWIQSTGHISTQKEEDGQKIPKLEHHNSTQLMGHYQKTMNQVAMPKQIVY
CY093325|A/Nevada/WRAIR1258P/2009(H3N2),H3N2,CY093325,A/Nevada/WRAIR1258P/2009(H3N2),MEQEQGTPWTQSTEHTNIQRGGSGRQIQKLGHPNSTQLMDHYLRIMNQVDMHKQTVSWRLWPSLKNPTQVSLRTHALKQRKPFNRQGWTN
CY093214|A/Dakar/WRAIR0013N/2009(H3N2),H3N2,CY093214,A/Dakar/WRAIR0013N/2009(H3N2),MEQEQGTPWTQSTEHINIQRGGSGRQIQKLGHPNSTQLMDHYLRIMNQVDMHKQTVSWRLWPSLKNPTQVSLRTHALKQ
CY093868|A/bufflehead/California/8522/2008,H4N8,CY093868,A/bufflehead/California/8522/2008,MEQEQDTPWTQLTEHINIQKRGNGQQTQRLEHPNSIQLMDHCLRTTSQVDMHKRTVSLKQWLSLKSPTQGSLKTRVLKRWKLSNKQEWTN
CY093253|A/Florida/WRAIR1241P/2009(H3N2),H3N2,CY093253,A/Florida/WRAIR1241P/2009(H3N2),MEQEQGTPWTQSTEHINIQRGGSGRQIQKLGHPNSTQLMDHYLRIMNQVDMHKQTVFWRLWPSLKNPTQVSLRTHALKQWKPFNRQGWTN
CY093389|A/Belgrade/WRAIR2379N/2010(H3N2),H3N2,CY093389,A/Belgrade/WRAIR2379N/2010(H3N2),MEQEQGTPWTQSIEHTNIQRGGSGRQIQKLGHPNSTQLMDHYLRIMNQVDMHKQTVSWRLWPSLKNPTQVSLRTHALKQWKPFNKQEWTN
JN638731|A/Indiana/08/2011(H3N2),H3N2,JN638731,A/Indiana/08/2011(H3N2),MEQEQDTPWTQSTEHTNIQKKGNGRQIQRLGHPSSIRLMDHYLKIMNQVDMHKQTVSWRPWLSLKNPTQGYLRIHALKQ
JN866184|A/Maine/06/2011(H3N2),H3N2,JN866184,A/Maine/06/2011(H3N2),MEQEQDTPWTQSTEHTNIQKKGNGRQIQRLGHPSSIRLMDHYLKIMNQVDMHKLTVSWRPWLSLKNPTQGYLRIHALKQWKLSNKQGWIN
CY100130|A/Switzerland/4607377/2011(H1N1),H1N1,CY100130,A/Switzerland/4607377/2011(H1N1),MEQGLDTPWTRSTEHINIQKGENGQQTQKLEHPSLTRLMDHYLRTMSQAGMLKQTVS
JN588909|A/Cambodia/U0417030/2010,H5N1,JN588909,A/Cambodia/U0417030/2010,MEQGQDTPWTRSTEHTNTQKRGSGQQTQRPEHPNSTLLMDHYLKIMSPVGMHKQIVYWKQWLSLKSPTQGSLKIHVLKRWKLFNKQEWTN
JN992755|A/Indiana/10/2011,H3N2,JN992755,A/Indiana/10/2011,MEQEQDTPWTQSTEHTNIQKKGNGRQIQRLGHPSSIRLMDHYLKIMNQVDMHKQTVSWRPWLSLKNPTQGYLRIHALKQWKLSNKQGWIN
JN588911|A/Cambodia/V0219301/2011,H5N1,JN588911,A/Cambodia/V0219301/2011,MEQGQDTPWTRSTEHTNTQKRGSGQQTQRPEHPNSTLLMDHYLKIMSPVGMHKQIVYWKQWLSLKSPTQGSLKTHVLKRWKLFNRQEWTNWPKVARPMTGH
JN588912|A/Cambodia/V0401301/2011,H5N1,JN588912,A/Cambodia/V0401301/2011,MDHYLKIMSPVGMHKQIVYWKQWLFLKSPTQGSLKTHVLKRWKLFNKQEWTS
JN588913|A/Cambodia/V0417301/2011,H5N1,JN588913,A/Cambodia/V0417301/2011,MEQGQDTPWTRSTEHTNTQKRGSGQQTQRPEHPNSTLLMDHYLKIMSPVGMHKQIVYWKQWLSLKSPTQGSLKTHVLKRWKLFNKQEWTN
CY100978|A/Philippines/WRAIR1736P/2006,H1N1,CY100978,A/Philippines/WRAIR1736P/2006,MEQGQGTPWTQSTEHTSTQKEEDGQEIPKLEHRNSTQLMGHYQKTMNQVAMPKQIVY
CY100938|A/Sullana/WRAIR1707P/2009(H1N1),H1N1,CY100938,A/Sullana/WRAIR1707P/2009(H1N1),MEQEQDTPWTQSTEHTSTQKEEDGQKIPKREHRNLTQLMVPYRKTMNQVAMPKQIVY
CY100962|A/Maracay/WRAIR1729P/2008(H1N1),H1N1,CY100962,A/Maracay/WRAIR1729P/2008(H1N1),MEQEQGTPWTQSTEHTNTQKEEDGQKIPKREHRNLTQLMVPYRKTMNQVAMPKQIVY
CY100954|A/Pucallpa/WRAIR1709P/2009(H1N1),H1N1,CY100954,A/Pucallpa/WRAIR1709P/2009(H1N1),MEQEQGTPWIQSTGHTSTQKEEDGQKIPKREHRNLTQLMVPYRKTMNQVAMPKQIVY
CY100874|A/Medellin/WRAIR1297P/2008(H1N1),H1N1,CY100874,A/Medellin/WRAIR1297P/2008(H1N1),MEQEQDTPWIQSTGHTSTQKEEDGQKIPKLEHRNLTQLMVHYRKTMNQVAMPKQIVY
CY098700|A/Guangdong/1/2008,H5N1,CY098700,A/Guangdong/1/2008,MEQGQGTPWTQSTEHTNIQKKGSGQQTQRLEHPNSTQLMDHYLRIMSPVGMHKQIVYWKQWLSLKNPTQGSLKTRVLKRWKLSNKQEWIN
CY098714|A/Shandong/1/2009,H5N1,CY098714,A/Shandong/1/2009,MEQGQGTPWTQSTEHTNMQKKGSGQQTQRLEHSNSTQLMDHYLRIMSPVGMHKQIVYWKQWLSLKNPTQGSLKTRVLKRWKLSNKQEWIN
CY098707|A/Beijing/1/2009,H5N1,CY098707,A/Beijing/1/2009,MEQGQGTPWTQSTEHTNIQKKGSGQQTQRLEHPNSTRLMDHYLRIMSPVGMHKQIVYWKQWLTLKNPTQGSLKTRVLKRWKLSNKQEWIN
CY098589|A/Jiangxi/1/2005,H5N1,CY098589,A/Jiangxi/1/2005,MEQGQDTPWTQSTEHTNIQKRGSGQQTQRLEHPNSTRLMDHYLRIMSPVGMHKQIVYWKQWLSLKNPTQESLKTRVLKRWKLFNKQEWIN
CY098595|A/Fujian/1/2005,H5N1,CY098595,A/Fujian/1/2005,MEQGQDTPWTQSTEHTNIQKRGSGQQTQRLEHPNSTRLMDHYLRIMSPAGMHKQIVYWKQWLSLKNPTQGSLKTRVLKRWKLFNKQEWIN
CY087612|A/Uganda/MUWRP-043/2008,H3N2,CY087612,A/Uganda/MUWRP-043/2008,MEQEQGTPWTQSTEHINIQRGGSGRQIQKLGHPNSTQLMDHYLRIMNQVDMHKQTVSWRLWPSLKNPTQVSLRTHALEQWKPFNRQGWTN
CY087695|A/Uganda/MUWRP-061/2009,H3N2,CY087695,A/Uganda/MUWRP-061/2009,MEQGQGTPWTQSTEHTNIQRGGSGRQIQKLGHPSSTQLMDHYLRIMNQVDMHKQTVSWRLWPSLKNPTQVSLRTHALKQWKPFNRQG
CY098721|A/Hunan/1/2009,H5N1,CY098721,A/Hunan/1/2009,MEQEQDTPWTRSTEHTNIQKRGSGQQTQRLEHPNSTRLMDHYLRIMSPVGMHKQIVYWKQWLSLKNPTQGSLKIRVLKRWKLFNKQEWTN
CY098735|A/Guizhou/1/2009,H5N1,CY098735,A/Guizhou/1/2009,MDHYLKIMSPVGMHKQIVYWKQWLSLKNPTQGSLKTRVLKRWKLFNKQEWIN
CY098742|A/Guangxi/1/2009,H5N1,CY098742,A/Guangxi/1/2009,MEQGQGTPWTQSTEHTNIQKRGSGQQTQRLEHPNSTRLMDHYLRIMSPVGMHKQIVYWKQWLSLKNPTQGSLKIRVLKR
CY098646|A/Sichuan/3/2006,H5N1,CY098646,A/Sichuan/3/2006,MEQGQGTPWTQSTEHTNIQKRGSGQQTQRLEHPNSTRLMDHYLRIMSPVGMHKQIVYWKQWLSLKNPTQGSLKTRVLKRWKLSNKQEWIN
CY098756|A/Hubei/1/2010,H5N1,CY098756,A/Hubei/1/2010,MEQGQGTPWTQSTEHTNIQKRGSGQQTQRPEHPNSTRLMDHYLRITSPVGMHKQIVYWKQWLSLKNPTQESLKIRVLKRWKLFNKQEWTN
CY098639|A/Hubei/1/2006,H5N1,CY098639,A/Hubei/1/2006,MEQGQGTPWTQSTEHTNIQKRGSGQQTQRLEHPNSTRLMDHYLRIMSPVGMHKQIVYWKQWLSLKNPTQGSLKTRVLKQWKLFNKQEWIN
CY098653|A/Guangdong/2/2006,H5N1,CY098653,A/Guangdong/2/2006,MEQGQDTPWTQSTEHTNIQKRGSGQQTQRLEHPNSTRLMDHYLRIMSPVGMHKQIVYWKQWLSLKNPTQGSLKIRVLKRWKLFNKQEWIN
CY100866|A/Nevada/WRAIR1257P/2009(H1N1),H1N1,CY100866,A/Nevada/WRAIR1257P/2009(H1N1),MEQEQDTPWTQSTEHTSTQKEEDGQKIPKLEHRNLTQLMVHYRKTMNQVAMPKQIVY
CY087572|A/Uganda/MUWRP-038/2008,H3N2,CY087572,A/Uganda/MUWRP-038/2008,MEQEQGTPWTQSTEHINIQRGGSGRQIQKLGHPNSTQLMDHYLRIMNQVDMHKXTVSWRLWPSLKNPTQVSLRTHALKQWKPFNRQGWTN
CY087634|A/Uganda/MUWRP-046/2008,H3N2,CY087634,A/Uganda/MUWRP-046/2008,MEQEQGTPWTQSTEHINIQRGGSGRQIQKLGHPNSTQLMDHYLRIMNQVDMXKQTVSWRLWPSLKNPTQVSLRTHALKQWKPFNRQGWTN
CY098673|A/Fujian/1/2007,H5N1,CY098673,A/Fujian/1/2007,MEQGQDTPWTQSTEHTNIQKRGSGQQTQRLEHPNSTRLMDHYLRIMSPVGMHKQIVYWKQWLSLKNPTQGSLKIRVLKRWRLFNKQEWIN
CY087738|A/Uganda/MUWRP-079/2009,H3N2,CY087738,A/Uganda/MUWRP-079/2009,MEQGQGTPWTQSTEHTNIQRGGSGRQIQKLGHPSSTQLMDHYLRIMNQVDMHKQTVSWRLWPSLKNPXPVSLRTHALKQWKPFNRQGWTN
CY098686|A/Hunan/1/2008,H5N1,CY098686,A/Hunan/1/2008,MDHYLRIMSPVGMHKQIVYWKQWLSLKNPTQGSLRTLVLKRWKLFNKQEWIN
CY098693|A/Guangxi/1/2008,H5N1,CY098693,A/Guangxi/1/2008,MEQGQDTPWTQSTEHTNIQKRESGQQTQRLEHPNSTRLMDHYLRIMSPVGMHKQIVYWKQWLSLKNPTQGSLKIRVLKRLKLSNKQEWIN
CY098577|A/Anhui/2/2005,H5N1,CY098577,A/Anhui/2/2005,MEQGQGTPWTQSTEHTNIQKRGSGQQTQRLEHPNSTRLMDHYLRIMSPVGMHKQIVYWKQWLSLKNPTQGYLKTRVLKQWKLFNKQEWIN
JN588910|A/Cambodia/V0203306/2011,H5N1,JN588910,A/Cambodia/V0203306/2011,MEQGQDTPWTRSTEHTNTRKRGSGQQTQRPEHPNSTLLMDHYLKIMSPVGMHKQIVYWKQWLSLKSPTQGSLKTHVLKRWKLFNKQEWTN
CY038845|A/California/UR07-0076/2008,H3N2,CY038845,A/California/UR07-0076/2008,MEQEQGTPWTQSTEHTNIQRRGSGQQIQKLGHPNSTQLMDHYLRIMNQVDMHKQTVSWRLWPSLKNPTQVSLRTHALKQWKPFNRQGWTN
CY038805|A/Florida/UR07-0021/2008,H3N2,CY038805,A/Florida/UR07-0021/2008,MEQEQGTPWTQSTEHINIQRGGSGRQIQKLGHPNSTQLMDHYLRIMNQVDMHKQTVSWRLWPSLKNPTQVSLRTHALKQWKPSNRQGWTN
CY038861|A/Kentucky/UR07-0148/2008,H3N2,CY038861,A/Kentucky/UR07-0148/2008,MEQEQGTPWIQSTEHINIQRGGSGRQIQKLGHPNSTQLMDHYLRIMNQVDMHKQTVSWRLWPSLKNPTQVSLRTHALKQWKPFNRQGWTN
CY038885|A/Taiwan/2645/2006,H1N1,CY038885,A/Taiwan/2645/2006,MGQEQGTQWIQSTGHISTQKEEDGQRIPKLEHRNSTQLMGHYQKTMNQVAMPKQIVY
CY088372|A/England/534/2003(H3N2),H3N2,CY088372,A/England/534/2003(H3N2),MEQEQGTPWTQSTEHTNIQKRGSGQQIQKLGHPNSTQLMDHYLRIMSQVDMHKQTVSWRLWPSLKNPTQGSLRIHALKQWKSSNKQGWTN
CY088068|A/England/642/2003,H3N2,CY088068,A/England/642/2003,MEQERGTPWTQSTEHTNIQKRGSGQQIQKLGHPNSTQLMDHYLRIMSQVDMHKQTVSWRLWPSLRNPTQGSLRTHALKQWKSSNKQGWTN
CY088481|A/Fujian/411/2002,H3N2,CY088481,A/Fujian/411/2002,MEQEQGTPWTQSTEHTNIQRRGSGRQIQKLGHPNSTQLMDHYLRIMSQVDMHKQTVY
CY107176|A/England/584/2003,H3N2,CY107176,A/England/584/2003,MEQEQDTPWTQSTEHTNIQKRGSGQQIQKLGHPNSTQLMDHYLRIMNQVDMHKQTVSWRLWLSLKNPTQGSLSTHALKQWKSFNKQGWTN
CY088212|A/England/787/2003,H3N2,CY088212,A/England/787/2003,MEQEQGTPWTQSTEHTNIQKRGSGQQIQKLGHPNSTQLMDHYLRIMSQVGMHKQTVSWRLWPSLKNPTQGSLRTHALKQWKSFNKQGWTN
CY111308|A/Boston/DOA48/2011(H3N2),H3N2,CY111308,A/Boston/DOA48/2011(H3N2),MEQGQGTPWTQSTEHTNIQREGSGRQIQKLGHPSSTQLMDHYLRIMNQVDMHKQTVSWRLWPSLKNPTQASLRTHALKQWKPFNRQGWTN
CY111148|A/Boston/DOA03/2011,H3N2,CY111148,A/Boston/DOA03/2011,MEQGQGTPWTQSTEHTNIQRGGSGRQIQKLGHPSSTQLMDHYLRIMNQVDMHKQTVSWRLWPSLKNPTQASLRTHALKQWKPFNRQGWTN
CY013277|A/Hickox/1940,H1N1,CY013277,A/Hickox/1940,MEQEQDTPWILSTGHISTQKGEGGQQTPKLEHHNSTRLMDHCQKTMNQVVMPKQIVYWKQWLSLRNPILVFLKTRVLRQWRLFSKHEWTN
CY111228|A/Boston/DOA10/2011,H3N2,CY111228,A/Boston/DOA10/2011,MDHYLRIMNQVDMHKQTVSWRLWPSLKNLTQVSLRTHALKQWRPFNRQGWTN
CY064972|A/Brisbane/59/2007,H1N1,CY064972,A/Brisbane/59/2007,MGQEQDTPWIQSTGHTSTQKEEDGQKIPKLEHRNLTQLMVPYRKTMNQVAMPKQIVY
CY111172|A/Boston/DOA06/2011,H3N2,CY111172,A/Boston/DOA06/2011,MDHYLRIMNQVDMHKQTVSWRLWPSLKNPTQVSLRTHALKQWKPFNRQGLTN
CY111204|A/Boston/DOA15/2011(H3N2),H3N2,CY111204,A/Boston/DOA15/2011(H3N2),MDHYLKIMNQVDMHKQTVSWRLWPSLKNPTQVSLRTHALKQWKPFNRQGWTN
CY013861|A/Waikato/15/2000,H3N2,CY013861,A/Waikato/15/2000,MEQEQGTPWTQSTEHTNIQKRGSGRQIQKLGHPNSTQLMDHYLRIMSQVDMHKQPVSWRLWLSLKNPTQGSLRTHALKQWKSFNKQGWTN
FJ805732|A/Taiwan/758/2006,H3N2,FJ805732,A/Taiwan/758/2006,MEQEQGTPWTQSTEHTNIQRRGSGRQIQKLGHPNSTQLMDHYLRIMNQVGMHKQTVSWRLWPSLKNPTQVSLRTYALKQWKPFNRQGWTN
FJ805731|A/Taiwan/754/2006,H3N2,FJ805731,A/Taiwan/754/2006,MEQEQGTPWTQSTEHTNIQRRGSGRQIQKLGHPNSTQLMDHYMRIMNQVGMHKQTVSWRLWPSLKNPTQVSLRTHALKQWKPFNRQGWTN
FJ805713|A/Taiwan/296/2004,H3N2,FJ805713,A/Taiwan/296/2004,MEQEQGTPWTQSTEHTNIQRRGSGRQIQKLGHPNSTQLMDHYLRIMSPVDMHKQTVSWRLWPSLKNPTQVSLRTHALKQWKPFNRQGWTN
FJ805740|A/Taiwan/214/2007,H3N2,FJ805740,A/Taiwan/214/2007,MEQEQGTPWTQSTEHTNIQRRGSGQQIQKLEHPNLTQLMDHYLRIMNQVDMHKQTVS
CY011774|A/Waikato/120/2003,H3N2,CY011774,A/Waikato/120/2003,MEQGQGTPWTQSTEHTNIQKRGNGQQIQKLGHPNSTQLMDHYLKIMSQVDMHKQTVSWRLWPSLKNPTQGSLRTHALKQWKSFNKQGWTN
FJ805737|A/Taiwan/18/2007,H3N2,FJ805737,A/Taiwan/18/2007,MEQEQGTPWTQSTEHTNIQRRGSGQQIQKLEHPNSTQLMDHYLRTMNQVDMHKQTVSWRLWPSLKNPTQVSLRTPALKQWKPFNRQGWTN
FJ805722|A/Taiwan/259/2005,H3N2,FJ805722,A/Taiwan/259/2005,MEQEQGTPWTQSTEHTNIQIRGSGRQIQKLGHPNSTQLMDHYLRIMNQVDMHKQTVSWRLWPSLKNPTQVSLRTHALKQWKPFNRQGWTN
FJ805738|A/Taiwan/33/2007,H3N2,FJ805738,A/Taiwan/33/2007,MEQEQGTPWTQSTEHTNIQRRGSGQQIQKLEHPNSTQLMDHYLRIMNQVDMHKQTVSWRLWPSLKNPTQVSLRTHALKQWRPFNRQGWTN
FJ805710|A/Taiwan/249/2004,H3N2,FJ805710,A/Taiwan/249/2004,MEQEQGTPWTQSTEHTNIQRRGSGRQIQKLGHPNSTQLMDHYLRIMSQVDMHKQTVSWRQWPSLKNPTQVSLRTHALKQWKSFNKQGWTN
FJ805716|A/Taiwan/350/2004,H3N2,FJ805716,A/Taiwan/350/2004,MEQEQGTPWTQSTEHTNIQRRESGRQIQKLGHPNSTQLMDHYLRIMSQVDMHKQTVSWRLWPSLKNPTQVSLRTHALKQWKSFNKQGWTN
CY013451|A/Dunedin/38/2003,H3N2,CY013451,A/Dunedin/38/2003,MEQGQGTPWTQSTEHTNIQKRGSGQQVQKLGHPNSTQLMDHYLKIMSQVDMHKQTVSWRLWPSLKNPTQGSLRTHALKQWKSFNKQGWTN
CY011406|A/Dunedin/10/2002(H3N2),H3N2,CY011406,A/Dunedin/10/2002(H3N2),MEQEQGTLWTQSTEHTNIQKRGSGRQIQKLGHPNSTQLMDHYLRIMSQVDMHKQTVSWRLWPSLKNPTQGSLRTHALKQWKLFNKQGWTN
FJ805734|A/Taiwan/799/2006,H3N2,FJ805734,A/Taiwan/799/2006,MEQEQGTPWTQSTEHTNIQKRGSGRQIQKLGHPNSTQLMDHYLRIMSQVDMHKQTVSWRLWPSLKNPTQVSLRTHALKQWKSFNKQGWTN
FJ805719|A/Taiwan/129/2005,H3N2,FJ805719,A/Taiwan/129/2005,MEQEQDTPWTQSTEHTNIQRRGSGRQIQKLGHPNSTQLMDHYLRIMSQVDMHKQNVSWRLWPSLKNPTQVSLRTHALKQWKLFNKQGWTN
CY112579|A/Madrid/G130/1993,H3N2,CY112579,A/Madrid/G130/1993,MDHYLRIMSQVDMHKQTVFWRPWLSLKNPTQGSLRTHALKQWKLFNKQGWIN
CY112522|A/Sendai/C273/1992,H3N2,CY112522,A/Sendai/C273/1992,MEQEQDTPWTQSTEHINIQKGGSGQQTQKLGHPNSTRLMDHYPRIMSQVDMHKQTAFWRPWLSLRNPTQGSLRTHALRQWKSFNKQGWTN
CY113235|A/Amsterdam/1609/1977,H3N2,CY113235,A/Amsterdam/1609/1977,MDHYLRIMSQADMHKQTVSWKQWLSLKNPTQGSLKTRALKRWKLFNKQGWTD
CY105692|A/HaNoi/Q220/2007,H3N2,CY105692,A/HaNoi/Q220/2007,MEQEQGTPWTQSTEHTNIQRRGSGRQIQKLGHPNSTQLMDHYLRIMNQVDMHKQTVSWRLWPSLKNPTQVSLRTHALKQWKSFNKQGWTN
CY113563|A/England/260/1991,H3N2,CY113563,A/England/260/1991,MDHYLRIMSQVDMHKQTVFWRPWLSLKNPTQGSLRTHALKQWKSFNKQGWTN
CY113211|A/Bilthoven/5029/1976,H3N2,CY113211,A/Bilthoven/5029/1976,MEQEQDTPWTQSTEHINIQKKGSGQQTQRLGRPNLTQLMDHYLRIMSQADMHKQTVSWKQWLSLKNPIQGFLKTRALKRWKSFNKQGWTN
CY113227|A/Bilthoven/6545/1976,H3N2,CY113227,A/Bilthoven/6545/1976,MEQEQDTPWTQSTEHINIQKKGSGQQTQRLGRPNLTQLMDHYLRIMSQADMHKQTVSWKQWLSLKNPTQGFLKTRALKRWKPFNKQGWTN
CY105348|A/HaNoi/BM544/2004,H3N2,CY105348,A/HaNoi/BM544/2004,MEQEQGTPWTQSTEHTNIQRRGSGRQIQKLGHPNSTQLMDHYLRIMSQVDMHKQTVSWRLWPFLKNPTQVSLRTHALKQWKSFNKQGWTN
CY113419|A/England/138/1989,H3N2,CY113419,A/England/138/1989,MEQEQDTPWTQSTEHINIQKRGSGQQTQKLGHPNSTRLMDHYLRIMSQVDMHKQTVFWKPWLSLRSHTQGSLRTHALRQWKSFNKQGWTN
CY113059|A/Bilthoven/17938/1969,H3N2,CY113059,A/Bilthoven/17938/1969,MEQEQDTPWTQSTEHINIQKKGNGQQTRKLERPNLTQLMDHYLRIMSQVDMHKQTVSWKQWLSLKNPTQGSLKPRVLKRWKLFNKQGWTD
CY105276|A/HaNoi/662/2004,H3N2,CY105276,A/HaNoi/662/2004,MEQEQGTPWTQSTEHTNIQRRGSGRQIQKLGHPNSTQLMDHYLRITSQVAMHKQTVSWRLWPSLKNPTQVSLRTHALKQWKSFNKQGWTN
CY113243|A/Bilthoven/3895/1977,H3N2,CY113243,A/Bilthoven/3895/1977,MDHYLRIMSQADMHKQTVSWKQWLSLKNPTQGSLKPRASKRWKLFNKQGWTD
CY113363|A/Colorado/2/1986,H3N2,CY113363,A/Colorado/2/1986,MDHYLRIMSQVDMHKQTVFWRPWLSLRNPTQGSLRARALKRWKSFNKQGWTN
CY112675|A/Stockholm/20/1993,H3N2,CY112675,A/Stockholm/20/1993,MEQEQDTPWTQSTEHTNIQKRGSGRQTQKLGHPNSTRLMDHYLRTMSQVDMHKQTVSWRPWLSLKNPTQGSLRTHALKQWKSFNKQGWTN
CY103978|A/HaNoi/2017/2001,H1N1,CY103978,A/HaNoi/2017/2001,MGQEQDTPWTQSTGHISTQKEEDGQKIPKLEHRNSTQLMGHYQKTMNQVAMPKQIVY
CY113043|A/Netherlands/761/2009,H3N2,CY113043,A/Netherlands/761/2009,MDHYLRIMNQVDMHKQTVFWRLWPSLKNPTQVSLRTHALKQWKPFNRQGWTN
CY113051|A/Bilthoven/908/1969,H3N2,CY113051,A/Bilthoven/908/1969,MEQEQDTPWTQSTEHINIQKKGSGKQTRKLERPNLTQLMDHYLRIMSQVDMHKQTVSWKQWLSLKNPTQGSLKPRVLKRWKLFNKQGWTD
CY105196|A/HaNoi/1766/2001,H3N2,CY105196,A/HaNoi/1766/2001,MEQEQGTPWTQSTEHTNIQRRGSGRQIQKLGHPNSTQLMDHYLRIMSQVDMHKQTVSWRLWPPLKNPTQVSLRTHALKQWKSFNKQGWTN
CY113251|A/Rotterdam/5828/1977,H3N2,CY113251,A/Rotterdam/5828/1977,MDHYLRIMSQADMHKQTVSWKQWLSLKNPTQGSLKTRASKRWKLFNKQGWTD
CY112474|A/Enschede/1285/1992,H3N2,CY112474,A/Enschede/1285/1992,MEQEQDTPWTQSTEHTNIQKRGSGQQTQKLGHLNSTRLMDHYLRIMSQVDMHKQTVFWRPWLSLKNPTQGSLRTHALKQWKSFNKQGWTN
CY112554|A/Lyon/1803/1993,H3N2,CY112554,A/Lyon/1803/1993,MEQEQDTPWTQSTEHTNIQKRGSGRQTQKLGHPNSTRLMDHYLGIMSQVDMHKQTVSWRPWLSLKNPTQGSLRTHALKQWKSFNKQGWTN
CY112939|A/Fujian/411/2002,H3N2,CY112939,A/Fujian/411/2002,MEQEQGTPWTQSTEHTNIQRRGSGRQIQKLGHPNSTQLMDHYLRIMSQVDMHKQTVYWRLWPSLKNPTQVSLRTHALKQWKSFNKQGWTN
CY104010|A/HaNoi/2546/2002,H1N1,CY104010,A/HaNoi/2546/2002,MGQEQDTPWIQSTGHISTQKEGDGQKIPKLEHRNSTQLMGHYQKTMNQVAMPKQIVY
CY112378|A/Auckland/4382/1982,Mixed,CY112378,A/Auckland/4382/1982,MEQEQDTPWTQSTEHINIQKKGSGQQTQKLGRPNLTRLMDHYLRIMSQVDMHKQTVSWKLWLSLRNPTQESLRTRALKQWKSFNKQGWTN
CY104828|A/HaNoi/ISBM31/2005(H1N1),H1N1,CY104828,A/HaNoi/ISBM31/2005(H1N1),MGQEQGTPWIQSTGHISTQKEEDGQKIPKLEHRNSTQLMGHYQKTTNQVAMPKQIVY
CY111428|A/Boston/DOA79/2011(H3N2),H3N2,CY111428,A/Boston/DOA79/2011(H3N2),MEQGQGTPWTQLTEHTNIQRGGSGRQIQKLGHPSSTQLMDHYLRIMNQVDMHKQTVSWRLWPSLKNPTQVSLRTHALKQWKPFNRQGWTN
CY114483|A/Brisbane/8/1996,H3N2,CY114483,A/Brisbane/8/1996,MEQEQDTPWTQSTEHTNIQKRGSGRQTQKLGHPNSTRLMDHYLRTMSQVDMHKQTVSWRLWPSLKNPTQGSLRTHALKQWKSFNKQGWTN
CY098572|A/Anhui/1/2005,H5N1,CY098572,A/Anhui/1/2005,MEQGQGTPWTQSTEHTNIQKRGSGQQTQRLEHPNSTRLMDHYLRIMSPVGMHKQIVYWKQWLSLKNPTQGSLKTRVLKRWKLFNKQEWIN
CY113747|A/Netherlands/935/1992,H3N2,CY113747,A/Netherlands/935/1992,MEQEQDTPWTQSTEHTNIQKRGSGQQTQKLGHPNSTRLMDHYLRIMSQVDMHKQTVFWRPWLSLKNPTQGSLRTHALKQWKSFNKQGWTN
CY113395|A/Netherlands/450/1988,H3N2,CY113395,A/Netherlands/450/1988,MEQEQDTPWTQSTEHINIQKRGSGQQTQKLGHPNSTRLMDHYLRIMSQVDMHKQTVFWRPWLSLRNPTQGSLRTRALKQWKSFNKQG
CY112391|A/Caen/1/1984,Mixed,CY112391,A/Caen/1/1984,MEQEQDTPWTQSTEHINIQKKESGQQTQKLGRPNSTRLMDHYLRIMSQVDMHKQTVSWRLWLSLRNPTQGSLRTRALKQWKSFNKQGWTN
CY112867|A/Nice/491/1996,H3N2,CY112867,A/Nice/491/1996,MEQEQDTPWTQSTEHTSIQKKGSGRQTQKLGHPNSTRLMDHYLRIMSQVDMHKQTVFWRPWLSLKNPTQGSLRTHALKQWKLFNKQEWIN
CY105260|A/HaNoi/HN695/2003(H3N2),H3N2,CY105260,A/HaNoi/HN695/2003(H3N2),MEQEQGTPWTQSTEHTNIQRRGSGRQIQKLGHPNSTQLMDHYLRIMSQVDMHKQTVSWRLWPSLKNPTQVSLRTHALKQWKLFNKQGWTN
CY104330|A/HaNoi/BT17/2007,H3N2,CY104330,A/HaNoi/BT17/2007,MEQEQGTPWTQSTEHTNIQRKGNGRQIQKLGHPNSTQLMDHYLRIMSQVDMHKQTVSWRLWPSLKNPTQVSLRTHALKQWKSFNKQGWTN
CY104338|A/HaNoi/BT262/2007(H3N2),H3N2,CY104338,A/HaNoi/BT262/2007(H3N2),MEQEQGTPWTQSTEHTNIQRRGSGRQIQKLGHPNSTQLMDHYLRIMNQVDMHKQTVSWRLWPSLKNPTQVSLRTHALKQWKLFNRQGWTN
CY114411|A/Netherlands/69/2007,H3N2,CY114411,A/Netherlands/69/2007,MEQEQGTPWTQSTEHTNIQKRGSGRQIQKLGHPNSTQLMDHYLRIMNQVDMHKQTVSWRLWPSLKNPTQVSLRTHALKQWKPFNRQGWTN
CY105828|A/DaNang/DN453/2008,H3N2,CY105828,A/DaNang/DN453/2008,MEQEQGTPWTQSAEHINIQRGGSGRQIQKLGHPNSTQLMDHYLRIMNQVDMHKQTVSWRLWPSLKNPTQVSLRTHALKQWKPFNRQGWTN
CY114219|A/Lyon/2279/1995,H3N2,CY114219,A/Lyon/2279/1995,MEQEQDTPWTQSTEHTNIQKRGSGRQTQKLGHPNSTRLMDHYLRIMSQVDMHKQTVSWRLWLSLKNPTQGSLRTHALKQWKSFNKQGWTN
CY113731|A/Netherlands/819/1992,H3N2,CY113731,A/Netherlands/819/1992,MEQEQDTPWTQSTEHTNIQKRGSGRQTQKLGHPNSTRLMDHYLRIMIQVDMHKQTVFWRPWLSLKNPTQGSLRTHALKQWKSFNKQGWTN
CY105668|A/HaNoi/Q099/2007(H3N2),H3N2,CY105668,A/HaNoi/Q099/2007(H3N2),MEQEQGTPWTQSTEHTNIQRRGSGRQIQKLGHPNSTQLMDHYLRIMNQVDMHKQTVSWRLWPSLKNPTQVSLMTHALKQWKSFNKQGWTN
CY113643|A/Lyon/24103/1991,H3N2,CY113643,A/Lyon/24103/1991,MEQEQDTPWTQSTEHINIQKRGSGQQTQRLGHPNSTRLMDHYLRIMSQVDMHKQTVFWRPWLSLRNPTQGSLRTHALKQWKSFNKQGWTN
CY007137|A/Canterbury/423/2003,H3N2,CY007137,A/Canterbury/423/2003,MEQGQGTPWTQSTEHTNIQKRGGGQQIQKLGHPNSTQLMDHYLKIMSQVDMHKQTVSWRLWPSLKNPTQGSLRTHALKQWKSFNKQGWTN
CY104458|A/HaNoi/Q163/2007(H3N2),H3N2,CY104458,A/HaNoi/Q163/2007(H3N2),MEQEQGTPWTQSTEHTNIQRRGSGRQIQKLGHPNSTQLMDHYLMIMSQVDMHKQTVSWRLWPSLKNPTQVSLITHALKQWKSFNKQGWTN
CY112303|A/Bilthoven/6022/1972,H3N2,CY112303,A/Bilthoven/6022/1972,MEQEQDTPWIQSTEHINIQKKGNGQQTQRLGRPNLTQLMDHYLRIMSQVDMHKQTVSWKQWLSLKNPTQGSLKTRALKRWKLFNKQGWTD
CY105612|A/HaNoi/N080/2007(H3N2),H3N2,CY105612,A/HaNoi/N080/2007(H3N2),MEQEQGTPWTQSTEHTNIQRRGSGQQIQKLELPNSTQLMDHYLRIMNQVDMHKQTVSWRLWPSLKNPTQVSLRTHALKQWKPFNRQGWTN
CY104194|A/HungYen/HY028/2004,H3N2,CY104194,A/HungYen/HY028/2004,MEQEQGTPWTQSTEHTNIQRRGSGRQIQKLGHPNSTQLMDHYLRTMSQVDMHKQTVSWRLWPSLKNPTQVSLRTHALKQWKSFNKQGWTN
CY104628|A/DaNang/DN446/2008,H3N2,CY104628,A/DaNang/DN446/2008,MEQEQGTPWTQSTEHTNIQRGGSGRQIRKXGHPNSTQLMDHYLRIMNQVDXHKQTVSWRLWPSLKNPTQVSLRTHALKQWKPFNRQGWTN
CY114427|A/Netherlands/063/2011,H3N2,CY114427,A/Netherlands/063/2011,MDHYLRIMNQVDMHKQTVSWRLWPSLKNPTQVSLRTHALKQWKPFNKQEWTN
CY114283|A/Lyon/1781/1996,H3N2,CY114283,A/Lyon/1781/1996,MEQEQDTPWTQSTEHTSIQKKGNGRQTQKLGHPNSTRLMDHYLRIMSQVDMHKQTVFWRPWLSLKNPTQGSLRTHALKQWKLFNKQEWIN
CY111484|A/Boston/DOA75/2011,H3N2,CY111484,A/Boston/DOA75/2011,MDHYLRITNQVDMHKQTVSWRLWPSLKNPTQVSLRTHALKQWKPFNRQGWTN
CY114515|A/Netherlands/034/2010,H3N2,CY114515,A/Netherlands/034/2010,MEQGQGTLWTQSTEHTNIQRGGSGRQIQKLGHPSSTQLMDHYLRIMNQVDMHKQTVSWRLWPS
CY105868|A/KhanhHoa/KH474/2008,H3N2,CY105868,A/KhanhHoa/KH474/2008,MEQEQGTPWTQSTEHTNIQRGGNGRQIQKLEHPNSTQLMDHYLRIMNQVDMHKQTVSWRLWPSLKNPTQVSLRTHALKQWKPFNRQEWTN
CY114067|A/Netherlands/165/1993,H3N2,CY114067,A/Netherlands/165/1993,MEQEQDTPWTQSTEHTNIQKRGSGRQTQKLGHPNSTRLMDHYLRIMSQVDMHKQTVFWRPWLSSKNPTQGSLRTHALKQWKSFNKQGWTN
CY104620|A/DaNang/DN434/2008,H3N2,CY104620,A/DaNang/DN434/2008,MEQEQGTPWTQSTEHTNIQRGGSGRQIRKLGHPNSTQLMDHYLRIMNQVDMHKQTVSWRLWPSLKNPTQVSLRTHALKQWKPFNRQGWTN
CY007161|A/Canterbury/428/2003,H3N2,CY007161,A/Canterbury/428/2003,MEQGQGTPWTQSTEHTNIQKRGSGQQIQKLGHPNSTQLMDHHLKIMSQVDMHKQTVSWRLWPSLKNPTQGSLRTHALKQWKSFNKQGWTN
CY105220|A/HaNoi/BM767/2003(H3N2),H3N2,CY105220,A/HaNoi/BM767/2003(H3N2),MEQEQGTPWTQSTEHTNIQRRGSGRQIQKLGHPNSTQLMDHYLRITSQVDMHKQTVSWRLWPSLKNPTQVSLRTHALKQWKSFNKQGWTN
CY114443|A/Netherlands/233/1982,H3N2,CY114443,A/Netherlands/233/1982,MEQEQDTPWTQSTEHINIQKKGSGQQTQKLGRPNSTRLMDHYLRIMSQVDMHKQTVSWKLWLS
CY105332|A/HaNoi/HN3069/2004(H3N2),H3N2,CY105332,A/HaNoi/HN3069/2004(H3N2),MEQEQGTPWTQSTEHTNIQRRGSGRQIQKLGHPNSTQLMDHYLRIMSQVDMHKQTVSWRLWPSLKNPTQVSLRTHALKQWKSFNKQEWTN
CY113411|A/Atlanta/211/1989,H3N2,CY113411,A/Atlanta/211/1989,MEQEQDTQWTQSTEHINIQRRGSGQQTQKLGHPNSTRLMDHYLRIMSQVDMHKQTVFWRPWLSLRNPTQGSLRTHALKQWKSFNKHGWTN
CY112418|A/Eindhoven/3447/1989,H3N2,CY112418,A/Eindhoven/3447/1989,MEQEQDTPWTQSTEHINIQKRGSGQQTQKLGHPNSTRLMDHYLRIMSQVDMHKQTVFWRPWLSLRNPTQGSLRTRALKQWKSFNKRG
CY112343|A/Bilthoven/4273/1975,H3N2,CY112343,A/Bilthoven/4273/1975,MEQEQDTLWTQSTEHINIQKKGSGQQTQRLGRPNLTQLMDHYLRIMSQVDMHKQTVSWKQWLSLKNPTQGSLKTRALKRWKSFNKQGWTN
CY105884|A/TayNguyen/HCM52/2006,H3N2,CY105884,A/TayNguyen/HCM52/2006,MEQEQGTPWTQSTEHTNIQRRGSGRQIQKLGHPNSTQLMDHYLRIMNQVDMHRQTVSWRLWPSLKNPTQVSLRTHALKQWKPFNRQGWTN
CY012638|A/Waikato/7/2000,H3N2,CY012638,A/Waikato/7/2000,MEQEQDTPWTQSTEHTNIQKRGSGRQIQKLGHPNSTQLMDHYLRIMSQVDTHKQTVSWRLWPSLKNPTQGSLRTHALKQWKSFNKQGWTN
CY011630|A/Waikato/5/2002,H3N2,CY011630,A/Waikato/5/2002,MEQEQGTPWTQSTEHTNIQKRGSGRQIQKLGHPNSTQLMDHYLRIMSQVDMHKQTVSWRLWPSLKNPTQGSLRTHALKQWKSFNKQGLTN
CY011654|A/Waikato/21/2002,H3N2,CY011654,A/Waikato/21/2002,MEQEQGTPWTQSTEHTNIQKRGSGRQIQKLGHPNSIQLMDHYLRIMSQVDMHKQTVSWRLWPSLKNPTQGSLRTHALKQWKSFNKQGLTN
CY113331|A/Netherlands/330/1985,H3N2,CY113331,A/Netherlands/330/1985,MEQEQDTPWTQSTEHINIQKKGSGQQTQKLGRLNSTRLMDHYLRIMSQVDMHKQTVSWRLWLSLRNPTQGSLRTRALKQWKSFNKQGWTN
CY113531|A/Suita/1/1990,H3N2,CY113531,A/Suita/1/1990,MEQEPDTQWTQSTEHINIQRRGSGQQTQKLGHPNSTRLMDHYLRIMSQVDMHKQTVFWRPWLSLRNPTQGSLRTHALKQWKSFNKQGWTN
CY105540|A/Hue/H515/2007,H3N2,CY105540,A/Hue/H515/2007,MEQEQGTPWTQSTEHTNIQRGGSGRQIQKLGHPNSTQLMDHYLRIMNQVDMHKQTVSWRLWPSLKNPTQVSLKTHALKQWKPFNRQGWTN
CY013587|A/Waikato/13/2005,H1N1,CY013587,A/Waikato/13/2005,MGQEQGTPWIQSTGHISTQKEENGQKIPKLEHRNSTRLMGHYQKTMNQVAMPKQIVY
CY113299|A/Netherlands/241/1982,H3N2,CY113299,A/Netherlands/241/1982,MEQEQDTPWTQSTEHINIQKKGSGQQTQKLGRPNSTRLMDHYLRIMSQVDMHKQTVSWKLWLSSRNPTQGSLRTRALKQWKSFNKQGWTN
CY012398|A/Waikato/129/2003,H3N2,CY012398,A/Waikato/129/2003,MEQEQGTPWTQSTEHTNIQKRGSGQQIQKLGHLNSTQLMDHYLRIMSQVDMHKQTVSWRLWPSLKNPTQGSLRTHALKQWKSFNKQGWTN
CY112506|A/Paris/490/1991,H3N2,CY112506,A/Paris/490/1991,MEQEQDTPWTQSTEHINIQKRGSGQQTQKLGHPSSTRLMDHYLRIMSQVDMHKQTVFWRPWLSLRNPTQGSLRTHALKQWKSFNKQGWTN
CY104996|A/Hue/H396/2008(H1N1),H1N1,CY104996,A/Hue/H396/2008(H1N1),MGQEQGTPWIQSTGHTSTQKEEDGQKIPKREHRNLTQLMVPYRKAMNQVAMPKQIVY
CY012358|A/Waikato/156/2003,H3N2,CY012358,A/Waikato/156/2003,MEQGQGTPWTQSTERTNIQKRGSGQQIQKLGHPNSTQLMDHYLKIMSQVDMHKQTVSWRLWPSLKNPTQGSLRTHALKQWKSFNKQGWTN
CY112819|A/Victoria/75/1995,H3N2,CY112819,A/Victoria/75/1995,MEQEQDTPWTQSTGHTNIQKKGSGRQTQKLGHPNSTRLMDHYLRIMSQVDMHKQTVFWRPWLSLKNPTQGSLRTHALKQWKLFNKQGWIN
JQ290149|A/Minnesota/19/2011,H1N2,JQ290149,A/Minnesota/19/2011,MEQEQDTPWTQSTEHTNIQKKGNGRQIQRLGHPSSILLMGHYLKIMNQVDMHKQTVSWRPWLSLKNPTQGYLRIHALKQWKLSNKQGWIN
CY114099|A/Paris/287/1993,H3N2,CY114099,A/Paris/287/1993,MEQEQDTQWTQSTERTNIQKRGSGRQTQKLGHPNSTRLMDHYLRIMSQVDMHKQTVSWRPWLSLKNPTQGSLRTHALKQWKSFNKQGWTN
CY113955|A/Victoria/68/1992,H3N2,CY113955,A/Victoria/68/1992,MEQEQDTPWTQSTEHTNIQKRGNGRQTQKLGHPNSTRLMDHYLRIMSQVDMHKQTVFWRPWLSLKNPTQGSLRTHALKQWKSFNKQGWTN
CY104868|A/TayNguyen/TN182/2006,H1N1,CY104868,A/TayNguyen/TN182/2006,MGQEQGTQWIQSTGHISTQKEEDGQRIPKLGHRNSTQLMGHYQKTMNQVAMPKQIVY
CY105404|A/TayNguyen/TN367/2005,H3N2,CY105404,A/TayNguyen/TN367/2005,MEQEQGTPWTQSTEHTNIQRRGSGRQIQKLGHPNSTQLMDHYLRIMNQVDMHKQTVSWRLWPSLKNPTQASLRTHALKQWKPFNRQGWTN
CY114019|A/Madrid/G101/1993,H3N2,CY114019,A/Madrid/G101/1993,MGQEQDTPWTQSTEHTNIQKRGSGRQTQKLGHPNSTRLMDHYLRIMSQVDMHKQTVFWRPWLSLKNPTQGSLRTHALKQWKSFNKQGWTN
CY114507|A/Netherlands/009/2010,H3N2,CY114507,A/Netherlands/009/2010,MDHYLRIMNQVDMHKQTVSWRLWPSLKNPTQVSLRTHALKQWRPFNRQGWTN
CY104250|A/TayNguyen/TN371/2005,H1N1,CY104250,A/TayNguyen/TN371/2005,MGQEQGTPWIQSTGHISTQKEEDGQKTPKLEHRNSTQLMGHYQKTTNQVAMPKQIVY
CY113907|A/Stockholm/7/1992,H3N2,CY113907,A/Stockholm/7/1992,MEQEQDTPWTQSTEHTNIQKRGSGRQTQKLGHPNSTRLMDHYLRIMSQVDMHKQTVFWRPWLSLKNPTQGSLRTHALKQWKSFNKQG
CY011670|A/Waikato/58/2002,H3N2,CY011670,A/Waikato/58/2002,MEQEQGTPWTQSTEHTNIQKRGSGRQIQKLGHPNSTQLMDHYLRIMSQVDMHKQTVSWRLWPSLKNPTQGSLRTHASKQWKSFNKQEWTN
CY105460|A/TayNguyen/TN406/2005,H3N2,CY105460,A/TayNguyen/TN406/2005,MEQEQGTPWTQSTEHTNIQRRGSGRQIQKLGHPNSTQLMDHYLRIMNQVDMRKQTVSWRLWPSLKNPTQVSLRTHALKQWKPFNRQGWTN
CY113315|A/Oslo/13676/1983,H3N2,CY113315,A/Oslo/13676/1983,MEQEQDTPWTQSTEHINIQKKGSGQQTQKLGRPNLTRLMDHYLRIMSQVDMRKQTVSWKLWLSLRSPTQESLRTRALKQWKSFNKQGWTN
CY114003|A/Lyon/23602/1993,H3N2,CY114003,A/Lyon/23602/1993,MEQEQDTPWTQSTEHTNIQKKGSGRQTQKLGHPNSTRLMDHYLRIMSQVDMHKQTVSWRPWLSLKNPTQGSLRTHALKQWKSFNKQGWTN
CY105420|A/TayNguyen/TN380/2005,H3N2,CY105420,A/TayNguyen/TN380/2005,MEQEQGTPWTQSTEHTNIQRRGSGRQIQKLGHPNSTQLMDHYLRIMSRVDMHKQTVSWRLWPSLKNPTQVSLRPHALKQWKSFNKQGWTN
CY105468|A/TayNguyen/TN410/2005,H3N2,CY105468,A/TayNguyen/TN410/2005,MEQEQGTPWTQSTEHTNIQRRGSGRQIQKLRHPNSTQLMDHYLRIMNQVDMHKQTVSWRLWPSLKNPTQVSLRTHALKQWKPFNRQGWTN
CY113523|A/Shanghai/24/1990,H3N2,CY113523,A/Shanghai/24/1990,MDHYLRIMSQVDMHKQTVFWRPWLSLRNPTQGSLRTHALKQWKSFNKQGWTN
CY114171|A/Finland/338/1995,H3N2,CY114171,A/Finland/338/1995,MEQEQDIPWTQSTEHTNIQKRGSGRQTQKLGHPNSTRLMDHYLRIMSQVDTHKQTVFWRPWLSLKTPIQGSLRTHALKQWKLFNKQGWIN
CY112835|A/Singapore/1/1996,H3N2,CY112835,A/Singapore/1/1996,MEQEQDTPWTQSTEHTNIQKKGSGRQTQKLGHPNSTRLMDHYLRIMSPVDMHKQTVFWRPWLSLKNPTQGSLRTHALKQWKLFNKQGWIN
CY113323|A/Guildford/V728/1985,H3N2,CY113323,A/Guildford/V728/1985,MEQEQDTPWTQSTEHINIQKRGSGQQTQKLGHPNSTRLMDHYLRIMSQVDMHKQTVFWRPWLSLRNPTQGSLRTRALKRWKSFNKQGWTN
CY113451|A/Singapore/3/1993,H3N2,CY113451,A/Singapore/3/1993,MEQEQDTPWTQSTEHTNIQKRGSGRQTQKLGHPNSTRLMDHYLRIMSQVDMHKPTVFWRPWLSLKNPTQGSLRTHALKQWKLFNKQGWIN
CY012886|A/Memphis/1/1983,H1N1,CY012886,A/Memphis/1/1983,MGQEQGTPWIQSTGHISTQKGEDGQKTPKLEHRNSTRLMGHYQKTMNPVVMPKQIVY
CY088108|A/England/475/2003,H3N2,CY088108,A/England/475/2003,MEQEQGTPWTQSIEHTNIQKRGNGQQIQKLGHPNSTQLMDHYLRIMSQMDMHKQTVSWRLWPSLKNPTQGSLRTHALKQWKSSNKQGWTN
JQ714244|A/Cambodia/W0112303/2012,H5N1,JQ714244,A/Cambodia/W0112303/2012,MEQGQDTPWTRSTEHTNTQKRESGQQTQRPEHPNSTLLMDHYLKIMSPVGMHKQIVYWKQWLSLKSPTQGSLKTHVLKRWKLFNKQEWTN
CY113867|A/Paris/583/1992,H3N2,CY113867,A/Paris/583/1992,MEQEQDTPWTQSTEHTNIQKRGSGQQTQKLGHPNSTRLMDHYLRIMSQVDMHKQTVFWRQWLSLKNPTQGSLRTHALKQWKSFNKQGWTN
CY112442|A/Singapore/53/1989,H3N2,CY112442,A/Singapore/53/1989,MEQEQDTPWTQSTEHINIQKRGSGQQTQKLGHPNSTRLMDHYLRIMSQVDMHKQTVF
CY113755|A/Netherlands/938/1991,H3N2,CY113755,A/Netherlands/938/1991,MEQEQGTPWTQSTEHINIQKRGSGQQTQKLGHPNSTRLMDHYLRIMSQVDMHKQTVFWRPWLSLRNPTQGSLRTHALKQWKSFNKQGWTN
CY118568|A/Malaysia/12974/1997,H3N2,CY118568,A/Malaysia/12974/1997,MEQEQGTPWTQSTEHTNIQKRGSGRQIQKLGHPNSTQSMDHYLRIMSQVDMHKQTVSWRLWPSLKNPTQGSLRTHALKQWKSFNKQGWTN
CY118576|A/Malaysia/12990/1997,H3N2,CY118576,A/Malaysia/12990/1997,MEQEQGTPWTQSTEHTNIQKRGSGRQIQKLGHPNSTQLMDHYLRIMSQLDMHKQTVSWRLWPSLKNPTQGSLRTHALKQWKSFNKQGWTN
CY117758|A/Malaysia/13241/1997,H3N2,CY117758,A/Malaysia/13241/1997,MEQEQDTPWTQSTEHTNIQKRGSGRQTQKLGHPNSTRLMDHYLRIMSQVDMHKQXVSWRLWPSLKNPTQGSLRTHALKQWKSFNKQGWTN
CY118608|A/Malaysia/17230/1998,H3N2,CY118608,A/Malaysia/17230/1998,MEQEQGTPWTQSTEHTNIQKRGSGRQIQKLGHPNSTQLMGHYLRIMSQVDMHKQTVSWRLWPSLKNPTQGSLRTHALKQWKSSNKQGWTN
CY118197|A/Malaysia/2155235/2009,H1N1,CY118197,A/Malaysia/2155235/2009,MGQEQGTPWIQSTGHTSTQREEDGQKIPKREHRNLTQLMVPYRKTMNQVAMPKQIVY
CY118768|A/Malaysia/29197/2004,H3N2,CY118768,A/Malaysia/29197/2004,MEQEQGTPWTQSTEHTNIQRRGSGRQIQKLGHPNSTQLMDHYLRIMSQVDMHKQTVSWRLWPSLKNPTQVSLRTHALKQWKSFNRQGWTN
CY118776|A/Malaysia/29242/2004,H3N2,CY118776,A/Malaysia/29242/2004,MEQEQGTQWTQSTEHTNIQRRGSGRQIQKLGHPNSTQLMDHYLRIMSQVDMHKQTVSWRLWPSLKNPTQVSLRTHALKQWKSFNKQGWTN
CY118157|A/Malaysia/1997829/2008,H3N2,CY118157,A/Malaysia/1997829/2008,MEQEQGTPWTQSTEHTNIQRGGSGRQIQKLGHPNSTQLMDHYLRTMNQVDMHKQTVSWRLWPSLKNPTQVSLRTHALKQWKPFNRQGWTN
CY118936|A/Malaysia/1676558/2006,H3N2,CY118936,A/Malaysia/1676558/2006,MEQEQGTPWTQSTEHTNIQRRESGRQIQKLGHPNSTQLMDHYLRIMSQVDMHKQTVFWRLWPSLKNPTQVSLRTHALKQWKSFNKQGWTN
CY118680|A/Malaysia/25920/2003,H3N2,CY118680,A/Malaysia/25920/2003,MEQEQGTPWTQSTEHTNTQKRGSGQQIQKLGHPNSTQLMDHYLRIMSQVDMHKQTVSWRLWPSLKNPTQGSLRTHALKQWKSFNKQGWTN
CY118888|A/Malaysia/33827/2006,H3N2,CY118888,A/Malaysia/33827/2006,MEQEQGTPWTQSTEHTSIQRRGSGRQIQKLGHPNSTQLMDHYLRIMNQVDMHKQTVSWRLWPSLKNPTQVSLRTHALKQWKPFNRQGWTN
CY118488|A/Malaysia/10877/1996(H3N2),H3N2,CY118488,A/Malaysia/10877/1996(H3N2),MEQEQDTPWTQSTEHTNIQKRGNGRQTQKLGHPNSTRLMDHYLRIMSQVDMHKQTVSWRLWPSLKSPTQGSLRTHALKRSKSFNKQGWTN
CY119072|A/Malaysia/11641/1997(H1N1),H1N1,CY119072,A/Malaysia/11641/1997(H1N1),MGQEQGTPWIQSTGHISTQKEEDGQKIPKLEHRSSTQLMGHYQKTMNQVAMPKQIVY
CY118480|A/Malaysia/10717/1996(H3N2),H3N2,CY118480,A/Malaysia/10717/1996(H3N2),MEQEQGTPWTQSTEHTNIQKKGSGRQIQKLGHPNSTQLMDHYLRIMSQVDMHKQTVSWRLWPSLKNPTQGSLRTHALKQWKSFNKQGWTN
CY117750|A/Malaysia/12530/1997(H1N1),H1N1,CY117750,A/Malaysia/12530/1997(H1N1),MGQGQGTQWIQSTGHISTQKEEDGQKIPKLEHRNSTRLMGHYQKTMNQVAMPKQIVY
CY119104|A/Malaysia/14075/1997(H1N1),H1N1,CY119104,A/Malaysia/14075/1997(H1N1),MGQEQGTPWIQSTGHISTQKEEDGQKIPKLEHRNSTQLMGRYQKTMNQVAMPKQIVY
CY117712|A/Malaysia/10135/1996(H3N2),H3N2,CY117712,A/Malaysia/10135/1996(H3N2),MEQEQDTPWTQSSEHTNIQKRGSGRQTQKLGHPNSTRLMDHYLRIMSQVDMHKQTVSWRLWPSLKNPTQGSLRTHALKQWKSFNKQGWTN
CY118672|A/Malaysia/25849/2003,H3N2,CY118672,A/Malaysia/25849/2003,MEQEQGTPWTQSTEHTNIQKRGSGQQIQKLGHPNSTQLMDHYLRIMSQVDMRKQTVSWRLWPSLKNPTQGSLRTHALKQWKSFNKQGWTN
CY117852|A/Malaysia/23329/2002,mixed,CY117852,A/Malaysia/23329/2002,MEQEQGTPWTQSTEHTNIQRRGSGRQIQKLGHPNSTQLMDHYLRIMSQVDMHKQTVSWRLWPSLKNPTQVSLRTHALKQWK
CY118456|A/Malaysia/10360/1996(H3N2),H3N2,CY118456,A/Malaysia/10360/1996(H3N2),MEQEQDTPWTQSTEHTNIQKRGSGRQTQKLGHPNSTQLMDHYLRIMSQVDMHKQTVSWRLWPSLKNPTQGSLRTHALKQWKSFNKQGWTN
CY118424|A/Malaysia/07145/1995(H3N2),H3N2,CY118424,A/Malaysia/07145/1995(H3N2),MEQEQDTPWTQSTEHTNIQKRGSGRQTQKLGHPNSTRLMDHYLRIMNQVDTHKQTVFWRPWLSLKTPIQGSLRTHALKQWKLFNKQGWIN
CY118432|A/Malaysia/07831/1995(H3N2),H3N2,CY118432,A/Malaysia/07831/1995(H3N2),MEQEQDTPWTQSTEHTNIQKKGSGRQTQKLGHPNSIRLMDHYLRIMSQVDMHKQTVFWRPWLSLKNPTQGSLRTHALKQWKLFNKQGWIN
CY118920|A/Malaysia/1665090/2006(H3N2),H3N2,CY118920,A/Malaysia/1665090/2006(H3N2),MEQEQGTPWTQSTEHTNIQRRESGRQIQKLGHPNSTQLMDHYLRIMSQVDMHKQTVFWRLWPSLKNPTQVSLRTHALKQ
CY061904|A/Australia/19/2009(H3N2),H3N2,CY061904,A/Australia/19/2009(H3N2),MEQGQGTPWTQSTEHTNIQRGGSGRQIQKLEHPSSTQLMDHYLRIMNQVDMHKQTVSWRLWPSLKNPTQVSLRTHALKQWKPFNRQGWTN
CY087371|A/Uganda/MUWRP-010/2008,H3N2,CY087371,A/Uganda/MUWRP-010/2008,MEQEQGTPWTQSTEHINIQRGESGRQIQKLGHPNSTQLMDHYLRIMNQVDMHKQTVSWRLWPSLKNPTQVSLRTHALKQWKPFNRQGWTN
CY093333|A/Guam/WRAIR1557P/2009(H3N2),H3N2,CY093333,A/Guam/WRAIR1557P/2009(H3N2),MEQEQGTPWTQSTEHINIQRGGSGRQIQKLEHPNSTQLMDHYLRIMNQVDMHKQTVSWRLWPSLKNPTQVSLRTHALKQWKPFNRQGWTN
CY087588|A/Uganda/MUWRP-040/2008,H3N2,CY087588,A/Uganda/MUWRP-040/2008,MEQEQGTPWTXXXXXINIQRGGSGRQIQKLGHPNSTQLMDHYLRIMNQVDMXXXXXXXXXXXXXXNPTQVSLRTHALKQWKPFNRQGWTN
HQ853552|A/KOL/536/2007,H1N1,HQ853552,A/KOL/536/2007,MDQEQGTPWTQSTEHTNIQRRGSGRQIQKLGHPNSTQLMDHYLRIMNQVDMHKQTVSWRLWPSLKNPTQVSLRTHALKQWKPFNRQGWTD
CY093397|A/Belgrade/WRAIR2956T/2010(H3N2),H3N2,CY093397,A/Belgrade/WRAIR2956T/2010(H3N2),MEQEQGTPWTQSIEHTNIQRGGSGRQIQKLGHPNSTQLMDHYLRIMNQVDMHKQTVSWRLWPSLKNPTQVSLRTHALKQWKPFNRQGWTN
HQ853588|A/KOL/2309/2009,H3N2,HQ853588,A/KOL/2309/2009,MEQGQGTPWTQSTEHTNIQRGGSGRQIQKLGHPSSTQLMDHYLRIMNQVDMHKQTVSWRLWPSLKNPTQVSLRTHALKQWKPFNRQGWTT
CY069403|A/Kyrgyzstan/WRAIR1121P/2008,H3N2,CY069403,A/Kyrgyzstan/WRAIR1121P/2008,MEQERGTPWTQSTEHINIQRGGSGRQIQKLGHLNSTQLMDHYLRIMNQVDMHKQTVSWRLWPSLKNPTQVSLRTHALKQWKPFNRQGWTN
CY089771|A/Boston/97/2009(H3N2),H3N2,CY089771,A/Boston/97/2009(H3N2),MEQEQGTPWTQSTEHINIQRGGSGRQIQKLGHPNSIQLMDHYLRIMNQVDMHKQTVSWRLWPSLKNPTQVSLRTHALKQWKPFNRQGWTN
CY077805|A/Netherlands/18/1994,H3N2,CY077805,A/Netherlands/18/1994,MEQEQDTPWTQSTEHTNIQKRGSGRQTQKLGHPNSTRLMDHYLRIMSQVDMHKQTVSWRPWLSLKNPTQESLRTHALKQWKSFNKQGWTN
HQ853572|A/KOL/600/2007,H3N2,HQ853572,A/KOL/600/2007,MEQEQGTPWTQSTEHTNIQRGGSGRQIQKLGHPNSTQLMDHYLRIMSQVDMHKQTVSWRLWPSLKNPTQVSLRTHALKQWKPFNRQGWTN
CY077839|A/Bilthoven/2668/1970(H3N2),H3N2,CY077839,A/Bilthoven/2668/1970(H3N2),MEQEQDTPWTQSTEHINIQKKGSGQQTRRLGRPNLTQLMDHYLRIMSQVDMHKQTVSWKQWLSLKNPTQGSLKTRVLKRWKLSNKQGWTD
CY091499|A/Singapore/NHRC0002/2003,H3N2,CY091499,A/Singapore/NHRC0002/2003,MEQEQGTPWTQSTEHTNIQRKGSGRQIQKLGHPNSTQLMDHYLRIMSQVDMHKQTVSWRLWPSLKNPTQVSLRTHALKQWKSFNKQGWTN
HQ853551|A/KOL/526/2007,H1N1,HQ853551,A/KOL/526/2007,MGQEQGTPWIQSTGHTSTPTEEDGQKIPKLEHRNLTQLMVHYRKTMNQVAMPKQIVY
CY067935|A/California/VRDL177/2009(H3N2),H3N2,CY067935,A/California/VRDL177/2009(H3N2),MEQEQGTPWTQSTEHINIQRGGSGRQIQKLGHPNSTQLMDHYLRIMNQVDMHKQTVSWRLWPSLKNPTQASLRTHALKQWKPFNRQGWTN
CY093349|A/Kuwait/WRAIR1561P/2009,H3N2,CY093349,A/Kuwait/WRAIR1561P/2009,MEQEQGTPWTQSTEHINIQRGGSGRQIQKLGHTNSTQLMDHYLRIMNQVDMHKQTVSWRLWPSLKNPTQVSLRTHALKQWKPFNRQGWTN
CY077860|A/Bilthoven/6449/1971(H3N2),H3N2,CY077860,A/Bilthoven/6449/1971(H3N2),MEQEQDTPWTQSTEHINIQKKGSGQQTRRLGRPNLTQLMDHYLRIMSQVDMHKQTVSWKQWLSLKNPTQGSLKTRALKRWKLFNKQGWTD
CY077866|A/Bilthoven/7398/1974(H3N2),H3N2,CY077866,A/Bilthoven/7398/1974(H3N2),MEQEQDTPWTQSTEHINIQKKGSGQQTQRLGRPNLTQLMDHYLRIMSQVDMHKQTVSWKQWLSLKNPTQGSLKTRVLKRWKSFNKQGWTD
HQ853550|A/KOL/507/2007,H1N1,HQ853550,A/KOL/507/2007,MGQEQGTPWKQSTEHTNIQRRGSGRQIQKLGHPNSTQLMDHYLRIMNQVDMHKQTVSWRLWPSLKNPTQVSLRTHALKQWKPFNRQGWTD
HQ853555|A/KOL/596/2007,H1N1,HQ853555,A/KOL/596/2007,MGQEQGTPWTQSTEHTNIQRRGSGRQIQKLGHPNSTQLMDHYLRIMNQVDMHKQTVSWRLWPSLKNPTQVSLRTHALKQWKPFNRQGWTN
CY087356|A/Uganda/MUWRP-008/2008,H3N2,CY087356,A/Uganda/MUWRP-008/2008,MEQEQGTPWTQSTEHINIQRGGSGRQIQKLGHPNSTQLMDHYLRIMNQVDMHKQTVSWRLWPSLKNPTQVSLRTHALKQWKLFNRQGWTN
HQ853583|A/KOL/1708/2008,H3N2,HQ853583,A/KOL/1708/2008,MEQEQGTPWTQSTEHTNIQRGGSGRQIQKLGHPNSTQLMDHYLRIMNQVDMHKQTVSWRLWPSLRNPTQVSLRTHALKQWKPFNRQGWTN
CY074948|A/Thailand/CU-H1285/2010,H3N2,CY074948,A/Thailand/CU-H1285/2010,MEQEQGTPWTQSTEHINIQRGGNGRQIQKLGHPNSTQLMDHYLRIMNQVDMHKQTVSWRLWPSLKNPTQVSLRTHALKQWKPFNRQGWTN
HQ853579|A/KOL/1537/2008,H3N2,HQ853579,A/KOL/1537/2008,MEQEQGTPWTQSTEHTNIQRRGSGRQIQKLGHPNSTQLMDHYLRIMNQVDMHKQTVSWRLWPSLKNPTQVSLRTHALKQWKPFNRQGWTT
HQ853582|A/KOL/1691/2008,H3N2,HQ853582,A/KOL/1691/2008,MEQEQGTPWTQSTEHTNIQRGGSGRQIQKLGHPNSTQLMDHYLRIMNQVDMHKQTVSWRLWPSLKNPTQVSLRTHALKQWKPFNRQGWTT
CY069443|A/Kuwait/WRAIR1143P/2009,H3N2,CY069443,A/Kuwait/WRAIR1143P/2009,MEQERGTPWTQSTEHTNIQRGGSGRQIQKLGHLNSTQLMDHYLRIMNQVDMHKQTVSWRLWPSLKNPTQVSLRTHALKQWKPFNRQGWTN
CY091043|A/Texas/NHRC0001/2006,H3N2,CY091043,A/Texas/NHRC0001/2006,MEQEQGTPWTQSTEPTNIQRRGSGRQIQKLGHPNSTQLMDHYLRIMSRVDMHKQTVSWRLWPSLKNPTQVSLRTHALKQWKSFNKQGWTN
HQ853556|A/KOL/611/2007,H1N1,HQ853556,A/KOL/611/2007,MGQEQGTPWTQSTEHTNIQRRGSGRQIQKLGHPNSTQLMDHYLRIMNQVDMHKQTVSWRLWPSLKNPTQVSLRTHALKQWKPFNRQGWTD
HQ853592|A/KOL/1525/2009,H3N2,HQ853592,A/KOL/1525/2009,MDQEQGTPWTQSTEHTNIQRGGSGRQIQKLGHPSSTQLMDHYLRIMNQVDMHKQTVSWRLWPSLKNPTQVSLRTHALKQWKPFNRQGWTN
CY068615|A/California/VRDL335/2009(H3N2),H3N2,CY068615,A/California/VRDL335/2009(H3N2),MEQGQGTPWTQSTEHTNIQRGGSGRQIQKLGHPNSTQLMDHYLRIMNQVDMHKQTVSWRLWPSLKNPTQVSLRTHALKQWKPFNRQGWTN
CY068804|A/California/VRDL210/2009(H3N2),H3N2,CY068804,A/California/VRDL210/2009(H3N2),MEQGQDTPWTQSTEHTNIQRGGSGRQIQKLGHPNSTQLMDHYLRIMNQVDMHKQTVSWRLWPSLKNPTQVSLRTHALKQWKPFNRQGWTN
CY068527|A/California/VRDL318/2009(H3N2),H3N2,CY068527,A/California/VRDL318/2009(H3N2),MEQEQDTPWTQSTEHINIQRGGSGRQIQKLGHPNSTQLMDHYLRIMNQVDMHKQTVSWRLWPSLKNPTQVSLRTHALKQWKPFNRQGWTN
CY089739|A/Boston/40/2009(H3N2),H3N2,CY089739,A/Boston/40/2009(H3N2),MEQEQGTPWTQSTEHINIQRGGGGRQIQKLGHPNSTQLMDHYLRIMNQVDMHKQTVSWRLWPSLKNPTQVSLRTHALKQWKPFNRQGWTN
CY068439|A/California/VRDL285/2009(H3N2),H3N2,CY068439,A/California/VRDL285/2009(H3N2),MEQEQGTPWTQSTEHINIQRGGSGLQIQKLGHPNSTQLMDHYLRIMNQVDMHKQTVSWRLWPSLKNPTQVSLRTHALKQWKPFNRQGWTN
CY068788|A/California/VRDL207/2009(H3N2),H3N2,CY068788,A/California/VRDL207/2009(H3N2),MEQEQGTPWTQSTEHINIQRGGSGRQTQKLGHPNSTQLMDHYLRIMNQVDMHKQTVSWRLWPSLKNPTQVSLRTHALKQWKPFNRQGWTN
CY121283|A/Leningrad/360/1986,H3N2,CY121283,A/Leningrad/360/1986,MEQEQDTPWTQSTEHINIQKRGNGQQTQKLGHPNSTRLMDHYLKIMSQVDMHKQTVFWRPWLSLRNPTQGSLRTRALKQWKSFNKQGWTN
CY121315|A/Shanghai/11/1987(H3N2),H3N2,CY121315,A/Shanghai/11/1987(H3N2),MEQEQDTPWTQSTEHINIQKRGSGQQTQKLGHPNSTRLMDHYLRIMSQVDMHKQTVFWRPWLSLRNPTQGSLRTHALKQWKSFNKRGWTN
CY121006|A/Bangkok/1/1979,H3N2,CY121006,A/Bangkok/1/1979,MEQEQDTPWTQSTEHINIQKKGSGQQTQKLGRPNLTRLMDHYLRIMSQVDMHKQTVSWKLWLSLRNPTQGSLRTHALKQWKSFNKQGWTN
CY121454|A/Fujian/445/2003,H3N2,CY121454,A/Fujian/445/2003,MGQEQGTPWTQSTEHTNIQRRGSGRQIQKLGHPNSTQLMDHYLRIMSQVDMHKQTVSWRLWPSLKNPTQVSLRTHALKQWKSFNKQGWTN
CY125090|A/Moscow/13/1998,H1N1,CY125090,A/Moscow/13/1998,MGQGQGTQWIQSTGHISTQKEEDGQKIPKLEHRNSTQLMGHYQKTMNQVAMPKQIVY
CY125138|A/Chile/4795/2000,H1N1,CY125138,A/Chile/4795/2000,MGQGQGTPWIQSTGHISTQKEEDGQKIPKLEHRNSTRLMGHCQKTMNQVAMPKQIVY
CY125154|A/Singapore/14/2001,H1N1,CY125154,A/Singapore/14/2001,MGQEQGTPWIQSTGHISTQKEEDGQKTPKLEHRNSTQLMGHYQKTMNQVAMPKQIVY
CY125050|A/Florida/2/1993,H1N1,CY125050,A/Florida/2/1993,MGQEQGTPWIQSTGHISTQKEEDGQKIPKLEHRNSTRLMGHYQKTMNQVAMPKQIVY
CY125797|A/Boston/DOA94/2012,H3N2,CY125797,A/Boston/DOA94/2012,MEQGQGTPWTQSTEHTNIQRGGSGRQIQKLGHPSSTQLMDPYLRIMNQVDMHKQTVSWKLWPSLKNPTQVSLRTHALKQWKPFNRQGWTN
CY125726|A/Mexico/InDRE7218/2012,H7N3,CY125726,A/Mexico/InDRE7218/2012,MEQEQDIPWIQLTEHINIQKKGNGQQTQKLEHLNSIQLMDHCLKTMNQVDMHKRTVSLKQWLSLKSPTQESLKTRVLKRWKLFNKQEWTN
CY112466|A/Amsterdam/4112/1992,H3N2,CY112466,A/Amsterdam/4112/1992,MEQEQDTPWTQSTEHINIQKRGSGQQTQKLGHPNSTRLMDHYLRIMSQVDMHKQTVFWRPWLSLRNPTQGSLRTHALKQWKSFNKQG
CY113875|A/Paris/597/1991,H3N2,CY113875,A/Paris/597/1991,MEQEQDTPWTQSTEHINIQKRGSGQQTQKLGHPNSTRLMDHYLRIMSQVDMHKQTVFWRPWLSLRNPTQGSLRTHALKQWRSFNKQGWTN
CY113843|A/Paris/512/1991,H3N2,CY113843,A/Paris/512/1991,MEQEQDTPWTQSTEHINIQKRGSGQQTQKLGHPNSTQLMDHYLRIMSQVDMHKQTVFWRPWLSLRNPTQGSLRTHALKQWKSFNKQGWTN
CY125860|A/England/1/1961(H2N2),H2N2,CY125860,A/England/1/1961(H2N2),MGQEQDTPWIQSTEHTNIQKGGSGQQTRKLERPNLTQLMDHYLRTMNQVDMHKQTASWKQWLSLKNHTQESLKIRVLKRWKLFNKQEWTN
CY125828|A/Montevideo/2208/1967(H2N2),H2N2,CY125828,A/Montevideo/2208/1967(H2N2),MGQEQDTPWTQSTEHTNIQKGGSGQQTRKLERPNLTQLMDHYLKTMNQVDMHKQTASWKQWLSLKHHTQESLKTRVLKRWKLFNKQEWTN
CY125876|A/ITS/1/1957(H2N2),H2N2,CY125876,A/ITS/1/1957(H2N2),MGQEQDTPWTQSTEHINIQKRGSGQQTRKLERPNLTQLMDHYLRTMNQVDMHKQTASWKQWLSLKNHTQESLKIRVLKQWKLSNKQEWTN
CY125868|A/Kw/1/1957(H1N1),H1N1,CY125868,A/Kw/1/1957(H1N1),MGQEQGTPWILSTGHISTQKGEDGQKTPKLEHHSSTQLMGHYQKTMNQVVMPKQIVY
CY125900|A/Singapore/1/1957(H2N2),H2N2,CY125900,A/Singapore/1/1957(H2N2),MEQEQDTPWTQSTEHINIQKKGSGQQTRKLERPNLTQLMDHYLRTMNQVDMHKQTASWKQWLSLKNPTRESLKTRVLKRWKLFNKQEWTN
CY100568|A/Mexico/InDRE2227/2005,H3N2,CY100568,A/Mexico/InDRE2227/2005,MEQEQGTPWTQSTEHTNIQRXGSGRQIQKLGHPNSTQLMDHYLRIMNQVDMHKQTVSWRLWPSLKNPTQVSLRTHALKQWKPFNRQGWTN
CY100576|A/Mexico/InDRE2246/2005,H3N2,CY100576,A/Mexico/InDRE2246/2005,MXXXLXIMXQVXXXKQXXSWRLXXSLXNPTQXSLXTXALXQWKPFNRQGWTN
CY100544|A/Mexico/InDRE2112/2005,H3N2,CY100544,A/Mexico/InDRE2112/2005,MEQEQGTPWTQSTEHTNXQRRGSGRQIXKLGHPNSTQLMDHYLRIMNQVDMHKQTVSWRLWPSLKNPTQVSLRTHALKQWKPFNRQGWTN
CY100560|A/Mexico/InDRE2160/2005,H3N2,CY100560,A/Mexico/InDRE2160/2005,MEQEQGTPWTQSTEHTNIQXRGSGRQXQXLGHXNSXQXMDHYLRIMNQVDMHKQTVSWRLWPSLKNPTQVSLRTHALKQWKPFNRQGWTN
CY100592|A/Mexico/InDRE2662/2003,H3N2,CY100592,A/Mexico/InDRE2662/2003,MEQEQGTPWTQSTEHTNIQXRGSGQQIQKLGHPNSXQLMDHYLXIMSQVDMHKQTVSWRLWPSLKNPTQGSLRTHALKQWKSFNKQGWTN
CY100552|A/Mexico/InDRE2118/2005,H3N2,CY100552,A/Mexico/InDRE2118/2005,MEQEQGTPWTQSTEHTNIQRRGSGXQIQKLGHPNSTQLMDHYLRIMNQVDMHKQTVSXRLWPSLKNPTQVSLRTHALKQWKPFNRQGWTN
KC488805|A/Novosibirsk/RII9/2012,H3N2,KC488805,A/Novosibirsk/RII9/2012,MEQGQGTLWTQSTEHTNIQRGGSGRQIQKLGRPSSTQLMDHYLRIMNQVDMHKQTVSWRLWPSLKNPTQVSSRTHALKQWKPFNRQGWTN
CY134938|A/Texas/JMM_29/2012,H3N2,CY134938,A/Texas/JMM_29/2012,MEQGQGTLWTQSTEHTNIQRGGSGRQIQKLGRPSSTQLMDHYLRTMNQVDMHKQTVSWRLWPSLKNPTQVSLRTHALKQWKPFNRQGWTN
CY134890|A/Texas/JMM_22/2012,H3N2,CY134890,A/Texas/JMM_22/2012,MEQEQGTLWTQSTEHTNIQRGGSGRQIQKLGRPSSTQLMDHYLRIMNQVDMHKQTVSWRLWPSLKNPTQVSLRTHVLKQWKPFNRQGWTN
CY135074|A/Texas/JMM_47/2012,H3N2,CY135074,A/Texas/JMM_47/2012,MEQGQGTLWTQSTEHTNIQRGGSGRQIQKPGRPSSTQLMDHYLRIMNQVDMHKQTVSWRLWPSLKNPTQVSLRTHALKQWKPFNRQGWTN
CY135090|A/Texas/JMM_49/2012,H3N2,CY135090,A/Texas/JMM_49/2012,MEQGQGTLWTQSTEHTNIQRGGSGRQIQKLGHPSSTQLMDHYLRIMNQVDMHKQTVSWRLWPSLKNPTQVSLRTHVLKQWKPFNRQGWTN
CY135058|A/Texas/JMM_45/2012,H3N2,CY135058,A/Texas/JMM_45/2012,MEQGQGTLWTQSTEHTNIQRGGSGRQIQKLGRLSSTQLMDHYLRIMNQVDMHKQTVSWRLWPSLKNPTQVSLRTHALKQWKPFNRQGWTN
